region,region_key,baseline_r,delta_esri,delta_crop,district_agreement_crop_mean,district_agreement_crop_std,yield_coverage_pct,rel_improvement_esri,rel_improvement_crop,district_agreement_crop_mean_std_ratio
Punjab,punjab,0.628,0.02200000000000002,-0.04500000000000004,0.9115565217391304,0.05484920506664328,98.5,0.05913978494623661,-0.12096774193548399,16.619320565021212
Madhya Pradesh,mp,0.21,-0.05499999999999999,0.514,0.6087730769230769,0.2879839886040675,99.5,-0.06962025316455694,0.6506329113924051,2.1139129292359504
Uttar Pradesh,up,0.363,0.055999999999999994,0.516,0.8881720000000002,0.17655709095804553,98.7,0.0879120879120879,0.8100470957613815,5.030508801320546
West Bengal,wb,-0.079,0.266,0.323,0.875642857142857,0.11417883591729497,100.0,0.24652455977757184,0.2993512511584801,7.669046983252883
Telangana,telangana,0.18,0.15300000000000002,0.254,0.884225,0.17507818161444147,100.0,0.18658536585365856,0.3097560975609756,5.050457983092646
Maharashtra,maharashtra,0.437,-0.09399999999999997,-0.064,0.4225441176470588,0.39939276574317883,100.0,-0.16696269982238007,-0.11367673179396094,1.0579663776853858
Karnataka,karnataka,-0.08,0.099,0.9269999999999999,0.7232500000000001,0.2701708728143013,95.9,0.09166666666666666,0.8583333333333332,2.677009525364776
Andhra Pradesh,andhra_pradesh,-0.236,0.16299999999999998,0.254,0.8298076923076925,0.1449026871333363,80.0,0.13187702265372167,0.20550161812297735,5.72665496219626
Tamil Nadu,tamil_nadu,0.112,-0.092,0.486,0.5797921052631579,0.34449578068383013,98.7,-0.1036036036036036,0.5472972972972973,1.6830165644184683
Odisha,odisha,0.206,0.222,0.20199999999999999,0.9299566666666668,0.04984916340274954,100.0,0.2795969773299748,0.2544080604534005,18.655411709785547
Jharkhand,jharkhand,0.357,0.139,0.14900000000000002,0.8386374999999999,0.11244744013750718,100.0,0.21617418351477452,0.23172628304821152,7.4580399427009265
Assam,assam,0.233,0.014999999999999986,0.027999999999999997,0.9304636363636363,0.0646690894969431,100.0,0.01955671447196869,0.03650586701434159,14.388073863443202
Manipur,manipur,-0.711,0.39599999999999996,1.3279999999999998,0.2442,0.3122764320277789,100.0,0.2314436002337814,0.7761542957334892,0.7819994561045738
Haryana,haryana,0.729,-0.025000000000000022,0.119,0.8766454545454544,0.17955143772155874,100.0,-0.09225092250922516,0.4391143911439114,4.882419576639211
Tripura,tripura,-0.193,-0.044999999999999984,-0.057999999999999996,0.9651000000000001,0.035510038822040985,100.0,-0.03772003352891868,-0.04861693210393964,27.178229932009117
Bihar,bihar,0.48,0.01100000000000001,0.026000000000000023,0.8753736842105264,0.09962965390590844,99.4,0.021153846153846172,0.050000000000000044,8.786276473842225
Chhattisgarh,chhattisgarh,0.177,0.413,0.427,0.932739393939394,0.038977845786051485,89.4,0.5018226002430134,0.5188335358444714,23.929988308209218
Gujarat,gujarat,0.043,0.02500000000000001,0.623,0.5000757575757576,0.4041068717170489,100.0,0.02612330198537096,0.6509926854754441,1.237483924613648
Himachal Pradesh,himachal_pradesh,0.016,-0.05,0.572,0.8006333333333333,0.318475948380674,100.0,-0.05081300813008131,0.5813008130081301,2.513952269878594
Kerala,kerala,-0.277,-0.01799999999999996,0.849,0.7686214285714287,0.3392006036337414,100.0,-0.014095536413469036,0.6648394675019577,2.265978952683006
Meghalaya,meghalaya,-0.355,0.311,0.27899999999999997,0.9196199999999999,0.0666265846173866,100.0,0.22952029520295203,0.2059040590405904,13.80259854652702
Mizoram,mizoram,-0.22,0.864,0.968,0.9581272727272728,0.039055245253591504,86.5,0.7081967213114754,0.7934426229508197,24.53261441596411
Nagaland,nagaland,-0.294,1.176,1.244,0.9267687499999999,0.07960870738598051,89.2,0.9088098918083461,0.9613601236476043,11.64155003178972
Rajasthan,rajasthan,-0.234,0.028000000000000025,1.079,0.3641787878787879,0.3858456830113366,98.8,0.022690437601296617,0.8743922204213939,0.9438456976803544
Uttarakhand,uttarakhand,0.108,-0.193,0.758,0.7600384615384616,0.14172073206639846,100.0,-0.21636771300448432,0.8497757847533632,5.362930676807196
Goa,goa,0.244,-0.257,,0.9466,0.010040916292848968,100.0,-0.33994708994708994,,94.27426465791358
Puducherry,puducherry,0.391,0.0,0.15700000000000003,0.69655,0.19593928906679225,100.0,0.0,0.2577996715927751,3.554927668246047
Chandigarh,chandigarh,-0.103,-0.22300000000000003,-0.082,0.934,,100.0,-0.20217588395285588,-0.0743427017225748,
Andaman & Nicobar Islands,andaman_nicobar,0.379,0.392,,0.0,0.0,100.0,0.6312399355877617,,
Dadra & Nagar Haveli,dadra_nagar_haveli,0.576,-0.09099999999999997,,,,100.0,-0.21462264150943386,,
