region_key,State,region_label,district,n_years,r_raw,r_mask,delta,rel
punjab,Punjab,Punjab,Amritsar,12,0.7300993964559063,0.7324391802500995,0.0023397837941931954,0.008669057288013602
punjab,Punjab,Punjab,Barnala,12,0.32411894595192936,0.3295286114377647,0.005409665485835324,0.008003872062155146
punjab,Punjab,Punjab,Bathinda,12,0.2242438720871637,0.2579313778930543,0.03368750580589061,0.04342538150040334
punjab,Punjab,Punjab,Faridkot,12,0.3753102672961507,0.3643528768283477,-0.010957390467802974,-0.01754053235415927
punjab,Punjab,Punjab,Fatehgarh Sahib,12,0.28117102009196143,0.2957296277395761,0.014558607647614685,0.020253228590585207
punjab,Punjab,Punjab,Fazilka,12,0.3635792520638923,0.44024699328973044,0.07666774122583814,0.12046706754056839
punjab,Punjab,Punjab,Firozpur,12,0.22507913606986854,0.21328167450820346,-0.011797461561665085,-0.015224085594795354
punjab,Punjab,Punjab,Gurdaspur,12,0.8443189693973909,0.845393110339532,0.0010741409421410886,0.006899626357709164
punjab,Punjab,Punjab,Hoshiarpur,12,0.4127797470319797,0.4735166309157227,0.06073688388374299,0.10343118033950148
punjab,Punjab,Punjab,Jalandhar,12,0.79442543369556,0.7840623381096553,-0.010363095585904647,-0.05041039741539673
punjab,Punjab,Punjab,Kapurthala,12,0.717008383764242,0.7228410928946859,0.005832709130443869,0.020610890202431606
punjab,Punjab,Punjab,Ludhiana,12,0.7516376050485128,0.7703607898114366,0.018723184762923784,0.07538655264852394
punjab,Punjab,Punjab,Mansa,12,0.6950043513904257,0.695396849960323,0.0003924985698973149,0.001286898917039152
punjab,Punjab,Punjab,Moga,12,0.3017767032365065,0.30505406059186374,0.0032773573553572244,0.004693852769663959
punjab,Punjab,Punjab,Pathankot,12,0.8215040556354741,0.833486263720045,0.011982208084570845,0.06712874136849116
punjab,Punjab,Punjab,Patiala,12,0.6549233118043185,0.6397503553208763,-0.01517295648344219,-0.04396981019719916
punjab,Punjab,Punjab,Rupnagar,12,0.4658680222256504,0.5068497991190233,0.0409817768933729,0.07672593778065491
punjab,Punjab,Punjab,Sangrur,12,0.6324554209014248,0.6375371505145325,0.0050817296131077105,0.013826158518161125
punjab,Punjab,Punjab,Sas Nagar (Sahibzada Ajit Singh Nagar),12,0.03451047309831795,0.05911637873895191,0.02460590564063396,0.025485419525570506
punjab,Punjab,Punjab,Shahid Bhagat Singh Nagar,12,0.47274344734063967,0.5105596572534014,0.03781620991276169,0.07172259827217975
punjab,Punjab,Punjab,Sri Muktsar Sahib,12,0.27273331720279986,0.2854828631360108,0.012749545933210926,0.017530771359102897
punjab,Punjab,Punjab,Tarn Taran,12,0.7288695089675002,0.7248241137125563,-0.004045395254943962,-0.014920473309875908
mp,Madhya Pradesh,Madhya Pradesh,Anuppur,12,0.21382614370932318,0.11533613012349926,-0.09849001358582392,-0.1252776504811788
mp,Madhya Pradesh,Madhya Pradesh,Ashoknagar,11,0.35588763863494643,0.37441320779588466,0.018525569160938227,0.028761393620326405
mp,Madhya Pradesh,Madhya Pradesh,Balaghat,12,0.3352432064190319,0.13349560785986306,-0.20174759855916882,-0.30349084132315185
mp,Madhya Pradesh,Madhya Pradesh,Betul,12,0.07145370063033021,0.1603328319130132,0.08887913128268299,0.09571857789214959
mp,Madhya Pradesh,Madhya Pradesh,Bhind,12,-0.3463244746251628,-0.11119664175527612,0.2351278328698867,0.17464425352242807
mp,Madhya Pradesh,Madhya Pradesh,Bhopal,11,0.58014058104816,0.07954105242716253,-0.5005995286209974,-1.1923027233037227
mp,Madhya Pradesh,Madhya Pradesh,Burhanpur,9,0.6385194987409836,0.6050594373391909,-0.033460061401792696,-0.09256394545557275
mp,Madhya Pradesh,Madhya Pradesh,Chhatarpur,12,0.35938235004410884,0.22449070579987435,-0.1348916442442345,-0.21056498248763875
mp,Madhya Pradesh,Madhya Pradesh,Chhindwara,12,-0.1083094583991426,-0.04473282629241635,0.06357663210672626,0.05736361051953596
mp,Madhya Pradesh,Madhya Pradesh,Damoh,12,0.33969452128096,0.23905959205291885,-0.10063492922804115,-0.15240662461754512
mp,Madhya Pradesh,Madhya Pradesh,Datia,12,0.5143101713626289,0.4059587674505133,-0.10835140391211562,-0.22308765290823837
mp,Madhya Pradesh,Madhya Pradesh,Dindori,12,0.37546181220705244,0.2673314014704266,-0.10813041073662583,-0.1731365877221173
mp,Madhya Pradesh,Madhya Pradesh,East Nimar,12,0.5123809289498592,0.3587533028264548,-0.15362762612340441,-0.31505663999677164
mp,Madhya Pradesh,Madhya Pradesh,Guna,11,0.2398252672795987,0.1043885243246946,-0.1354367429549041,-0.17816527848830627
mp,Madhya Pradesh,Madhya Pradesh,Gwalior,12,0.2014913758764077,0.27066186812804316,0.06917049225163546,0.08662460261785392
mp,Madhya Pradesh,Madhya Pradesh,Harda,11,0.5679590087748074,0.5814632585900941,0.01350424981528664,0.03125687166162394
mp,Madhya Pradesh,Madhya Pradesh,Hoshangabad,12,0.5110875473749903,0.4973531056664079,-0.013734441708582401,-0.028091822236969207
mp,Madhya Pradesh,Madhya Pradesh,Jabalpur,12,0.714397852142853,0.7397792531538883,0.025381401011035254,0.08886978337337495
mp,Madhya Pradesh,Madhya Pradesh,Katni,12,0.5095087437626169,0.46131313113169686,-0.04819561263092004,-0.09825988132925004
mp,Madhya Pradesh,Madhya Pradesh,Mandla,12,0.40607431083504747,0.39973371655268114,-0.00634059428236633,-0.010675736709218753
mp,Madhya Pradesh,Madhya Pradesh,Morena,11,-0.012055764714880512,-0.3682827327284525,-0.356226968013572,-0.3519835373043198
mp,Madhya Pradesh,Madhya Pradesh,Narshimapura,12,0.12322919927031037,0.09886649226038874,-0.02436270700992163,-0.027786859450207337
mp,Madhya Pradesh,Madhya Pradesh,Nivari,5,0.6458443192496224,0.6463535053758713,0.0005091861262489505,0.0014377466010713077
mp,Madhya Pradesh,Madhya Pradesh,Panna,12,0.2522409153504327,0.44972683170833744,0.19748591635790474,0.2641036670927981
mp,Madhya Pradesh,Madhya Pradesh,Raisen,12,0.4671433260186541,0.44058416525315286,-0.026559160765501244,-0.04984297290875449
mp,Madhya Pradesh,Madhya Pradesh,Rajgarh,12,0.31412419809164993,0.1983245458175376,-0.11579965227411232,-0.1688347248174036
mp,Madhya Pradesh,Madhya Pradesh,Rewa,12,0.31017763914847374,0.32581612181341596,0.01563848266494222,0.022670304055725104
mp,Madhya Pradesh,Madhya Pradesh,Sagar,12,0.6351055488093631,0.687912650536713,0.052807101727349925,0.1447188400783907
mp,Madhya Pradesh,Madhya Pradesh,Satna,12,0.38191006950899864,0.4125006060742228,0.030590536565224147,0.049492048092295376
mp,Madhya Pradesh,Madhya Pradesh,Sehore,11,-0.07927087484234316,-0.025272589474904752,0.053998285367438406,0.050032189903508995
mp,Madhya Pradesh,Madhya Pradesh,Seoni,12,-0.21150607271051977,-0.3104804516969955,-0.09897437898647574,-0.08169532222404709
mp,Madhya Pradesh,Madhya Pradesh,Shahdol,12,0.048834723528165924,0.09416408388493705,0.045329360356771126,0.04765666018098529
mp,Madhya Pradesh,Madhya Pradesh,Sheopur,12,0.14122018313591034,0.11100934907223874,-0.0302108340636716,-0.03517878910334564
mp,Madhya Pradesh,Madhya Pradesh,Shivpuri,12,0.2376913035862495,0.18426606299299897,-0.053425240593250545,-0.07008347254148795
mp,Madhya Pradesh,Madhya Pradesh,Sidhi,12,0.6819826552487172,0.6256259472291092,-0.056356708019607904,-0.1772126865082901
mp,Madhya Pradesh,Madhya Pradesh,Singrauli,12,0.7454300686639944,0.6250257435604767,-0.12040432510351773,-0.4729715110956944
mp,Madhya Pradesh,Madhya Pradesh,Tikamgarh,12,0.5453347285466574,0.45237916523296934,-0.0929555633136881,-0.20444834727876754
mp,Madhya Pradesh,Madhya Pradesh,Umaria,12,0.21441923636368057,0.1154384103400077,-0.09898082602367288,-0.1259970083349642
mp,Madhya Pradesh,Madhya Pradesh,Vidisha,11,0.432824082837713,0.5282066222465833,0.09538253940887031,0.16817099690355566
up,Uttar Pradesh,Uttar Pradesh,Aligarh,12,0.6480548520405475,0.7053386114386112,0.05728375939806374,0.16276331618773554
up,Uttar Pradesh,Uttar Pradesh,Ambedkarnagar,12,0.597913430730158,0.6000203484024818,0.002106917672323738,0.005239960330308315
up,Uttar Pradesh,Uttar Pradesh,Amethi,12,0.5039916749049571,0.5437130197860732,0.039721344881116116,0.08008201248135279
up,Uttar Pradesh,Uttar Pradesh,Auraiya,12,0.3030328060962339,0.4792971430223174,0.1762643369260835,0.2529019134154846
up,Uttar Pradesh,Uttar Pradesh,Ayodhya,12,0.4221553760157792,0.43281754133476935,0.010662165318990169,0.018451612901535484
up,Uttar Pradesh,Uttar Pradesh,Azamgarh,12,0.7788606465941799,0.8071345784280303,0.028273931833850408,0.12785572264003134
up,Uttar Pradesh,Uttar Pradesh,Bahraich,12,0.48708859975503505,0.5816030593686636,0.09451445961362859,0.18427053789112263
up,Uttar Pradesh,Uttar Pradesh,Ballia,12,0.4648252816527009,0.49509585528551253,0.03027057363281166,0.056562039638740395
up,Uttar Pradesh,Uttar Pradesh,Balrampur,12,0.5430089533867617,0.6939834777282382,0.1509745243414765,0.3303664819263945
up,Uttar Pradesh,Uttar Pradesh,Banda,12,0.8139341146576822,0.8570959784811726,0.04316186382349041,0.23197086206363218
up,Uttar Pradesh,Uttar Pradesh,Barabanki,12,0.12261653326903207,0.07866974896656104,-0.04394678430247104,-0.05008845729246735
up,Uttar Pradesh,Uttar Pradesh,Bareilly,12,0.5813586185779315,0.5230198134911137,-0.05833880508681777,-0.13935269582918125
up,Uttar Pradesh,Uttar Pradesh,Basti,12,0.39903741875338916,0.41739342222432896,0.018356003470939797,0.030544336775282906
up,Uttar Pradesh,Uttar Pradesh,Bhadohi,12,0.723442828551464,0.7258233195639027,0.002380491012438646,0.008607590972854693
up,Uttar Pradesh,Uttar Pradesh,Bijnor,12,0.5303585573243075,0.31624340901237513,-0.21411514831193235,-0.45591195506949334
up,Uttar Pradesh,Uttar Pradesh,Budaun,12,0.48911609868451866,0.4560324077817742,-0.03308369090274449,-0.064757747929729
up,Uttar Pradesh,Uttar Pradesh,Bulandshahr,12,0.29425959083191816,-0.04586421585474477,-0.3401238066866629,-0.4819389711403895
up,Uttar Pradesh,Uttar Pradesh,Chandauli,12,0.4961957721952044,0.46532148273469154,-0.03087428946051285,-0.06128231514657997
up,Uttar Pradesh,Uttar Pradesh,Chitrakoot,12,0.7963156384508313,0.789674539875536,-0.006641098575295268,-0.03260485255119662
up,Uttar Pradesh,Uttar Pradesh,Deoria,12,0.5662412564512451,0.5717323512119525,0.005491094760707416,0.012659329275492084
up,Uttar Pradesh,Uttar Pradesh,Etah,12,0.41120408500800926,0.574970139071219,0.1637660540632097,0.27813721171186684
up,Uttar Pradesh,Uttar Pradesh,Etawah,12,0.7953954068520568,0.6386773753702388,-0.15671803148181795,-0.7659555881450815
up,Uttar Pradesh,Uttar Pradesh,Farrukhabad,12,0.6822910544405819,0.479059274609351,-0.20323177983123092,-0.6396791235241515
up,Uttar Pradesh,Uttar Pradesh,Fatehpur,12,0.5959986927712985,0.6408366588525687,0.04483796608127022,0.11098470544276691
up,Uttar Pradesh,Uttar Pradesh,Firozabad,12,0.6497598399476923,0.820349384531307,0.17058954458361475,0.4870644890013113
up,Uttar Pradesh,Uttar Pradesh,Gautambudhnagar,12,0.16916902047567073,-0.061750537415109746,-0.23091955789078047,-0.2779380687308837
up,Uttar Pradesh,Uttar Pradesh,Gazipur,12,0.8146259047786852,0.8136318959450292,-0.0009940088336560793,-0.0053621776681868644
up,Uttar Pradesh,Uttar Pradesh,Gonda,12,0.30025945795437814,0.34629874765872504,0.0460392897043469,0.06579480098402704
up,Uttar Pradesh,Uttar Pradesh,Gorakhpur,12,0.5575138246407735,0.5719152315181849,0.014401406877411427,0.032546569089350275
up,Uttar Pradesh,Uttar Pradesh,Hardoi,12,0.7708247790456675,0.7971642518120328,0.02633947276636528,0.11493159101879481
up,Uttar Pradesh,Uttar Pradesh,Hathras,12,0.8704052585570687,0.4766080878350303,-0.39379717072203846,-3.03868171144469
up,Uttar Pradesh,Uttar Pradesh,Jalaun,12,0.21929212561940675,0.4124240486975249,0.19313192307811816,0.247380524029359
up,Uttar Pradesh,Uttar Pradesh,Jaunpur,12,0.7947788416540651,0.7586681294898352,-0.0361107121642299,-0.17595998607199748
up,Uttar Pradesh,Uttar Pradesh,Jhansi,12,0.38545870030758217,0.5519714433136177,0.16651274300603552,0.27095452020779776
up,Uttar Pradesh,Uttar Pradesh,Kannauj,12,0.6221900454351754,0.611708210078197,-0.010481835356978442,-0.027743671733191377
up,Uttar Pradesh,Uttar Pradesh,Kanpur,12,0.8794446596868085,0.8405598983208128,-0.038884761365995724,-0.3225469835262109
up,Uttar Pradesh,Uttar Pradesh,Kanpur Dehat,12,0.621615011343421,0.5136991470866211,-0.10791586425679989,-0.2852012302072162
up,Uttar Pradesh,Uttar Pradesh,Kasganj,12,0.4439688505939582,0.3615340414982019,-0.08243480909575629,-0.14825573924017385
up,Uttar Pradesh,Uttar Pradesh,Kaushambi,12,0.8712301809599121,0.910500606830762,0.039270425870849834,0.3049660717363002
up,Uttar Pradesh,Uttar Pradesh,Kheri,12,0.5691198632412513,0.5710966905776714,0.0019768273364201283,0.004587882261852699
up,Uttar Pradesh,Uttar Pradesh,Kushinagar,12,0.5415677281112884,0.5782610420931082,0.03669331398181985,0.08004086150097102
up,Uttar Pradesh,Uttar Pradesh,Lalitpur,12,0.7566967868161664,0.5458393702056681,-0.21085741661049828,-0.8666446030500216
up,Uttar Pradesh,Uttar Pradesh,Lucknow,12,0.4626041894927093,0.5655770359184106,0.10297284642570126,0.19161453143539953
up,Uttar Pradesh,Uttar Pradesh,Maharajganj,12,0.5076298991369635,0.517205707718847,0.00957580858188345,0.019448395759813147
up,Uttar Pradesh,Uttar Pradesh,Mainpuri,12,0.24564997558395313,0.10122944573778946,-0.14442052984616366,-0.19145028855531843
up,Uttar Pradesh,Uttar Pradesh,Mau,12,0.6380090684472935,0.6594167486060679,0.021407680158774367,0.05913871948932338
up,Uttar Pradesh,Uttar Pradesh,Mirzapur,12,0.9041567601122498,0.8649565611114098,-0.03920019900083993,-0.409003275001455
up,Uttar Pradesh,Uttar Pradesh,Muzaffarnagar,12,0.4574415702550926,0.5299387294442637,0.0724971591891711,0.13362092488961383
up,Uttar Pradesh,Uttar Pradesh,Pilibhit,12,0.4053210647383862,0.3062945453618559,-0.09902651937653029,-0.1665209804900288
up,Uttar Pradesh,Uttar Pradesh,Pratapgarh,12,0.38249445842891905,0.404703439985019,0.02220898155609996,0.035965639271179704
up,Uttar Pradesh,Uttar Pradesh,Prayagraj,12,0.6890899705237223,0.6629785888682702,-0.026111381655452126,-0.08398372255612428
up,Uttar Pradesh,Uttar Pradesh,Raibeareli,12,0.8189480941627066,0.8295128188088834,0.010564724646176749,0.05835191072592736
up,Uttar Pradesh,Uttar Pradesh,Rampur,12,0.8217926238829159,0.8277787891638304,0.005986165280914557,0.03359100734967099
up,Uttar Pradesh,Uttar Pradesh,Saharanpur,12,0.4051804278700096,0.1749132185020826,-0.23026720936792697,-0.3871211038724948
up,Uttar Pradesh,Uttar Pradesh,Santkabirnagar,12,0.7207393866719165,0.6760258000314638,-0.04471358664045266,-0.16011418906368238
up,Uttar Pradesh,Uttar Pradesh,Shahjahanpur,12,0.7290185925880441,0.4691577189967675,-0.25986087359127663,-0.958962004342337
up,Uttar Pradesh,Uttar Pradesh,Shrawasti,12,0.5022972433546627,0.5597880036462543,0.0574907602915915,0.11551224003478726
up,Uttar Pradesh,Uttar Pradesh,Siddharthnagar,12,0.5796605082244071,0.5515320850747859,-0.028128423149621162,-0.06691834505199933
up,Uttar Pradesh,Uttar Pradesh,Sitapur,12,0.4317973059648599,0.3106814560190717,-0.12111584994578817,-0.21315606423065964
up,Uttar Pradesh,Uttar Pradesh,Sonbhadra,12,0.5813638317650746,0.5784881054114639,-0.0028757263536106636,-0.006869273540638984
up,Uttar Pradesh,Uttar Pradesh,Sultanpur,12,0.46272236049118504,0.5639893571076893,0.10126699661650423,0.18848168836708634
up,Uttar Pradesh,Uttar Pradesh,Unnao,12,0.7409727330779525,0.7862511386724731,0.045278405594520565,0.1748016961015413
up,Uttar Pradesh,Uttar Pradesh,Varanasi,12,0.844473811513522,0.8420770897543555,-0.002396721759166498,-0.015410406327644795
wb,West Bengal,West Bengal,Alipur Duar,8,0.41231679357256024,0.12674227332395907,-0.2855745202486012,-0.48593275616062814
wb,West Bengal,West Bengal,Bankura,11,-0.3445343815552773,-0.32836191157107086,0.01617246998420646,0.012028305267656384
wb,West Bengal,West Bengal,Birbhum,11,0.6640689947113116,0.6679640399867461,0.0038950452754344944,0.01159477754096326
wb,West Bengal,West Bengal,Dakshin Dinajpur,11,0.5293109407133803,0.5298668051307109,0.000555864417330687,0.001180958865228692
wb,West Bengal,West Bengal,Darjiling,11,-0.022542377812445127,0.10338937643279708,0.12593175424524222,0.12315553563134636
wb,West Bengal,West Bengal,Haora,11,-0.048871479354900646,-0.10241186755343132,-0.05354038819853067,-0.05104570889034015
wb,West Bengal,West Bengal,Hugli,11,0.6095375878927972,0.6364626803629627,0.0269250924701655,0.06895693832566174
wb,West Bengal,West Bengal,Jalpaiguri,11,0.05984782563007654,0.16657939744626277,0.10673157181618623,0.11352584690634386
wb,West Bengal,West Bengal,Jhargram,8,-0.7181028704237244,-0.8064588667671784,-0.08835599634345392,-0.05142648782238706
wb,West Bengal,West Bengal,Koch Bihar,11,0.6932625297783559,0.7153528173295773,0.022090287551221444,0.07201691901305478
wb,West Bengal,West Bengal,Maldah,11,0.48162487186891334,0.4876791457470419,0.006054273878128569,0.011679329407559008
wb,West Bengal,West Bengal,Murshidabad,11,0.06870354802530172,0.09750206607774911,0.02879851805244739,0.030923040661632196
wb,West Bengal,West Bengal,Nadia,11,0.6638049359946436,0.7195529383951083,0.055748002400464625,0.16582040716569363
wb,West Bengal,West Bengal,North Twenty-Four Parganas,11,0.4936254919945891,0.5177019173664127,0.024076425371823584,0.04754667739231121
wb,West Bengal,West Bengal,Paschim Barddhaman,8,0.40889797305764575,0.4693511987141863,0.060453225656540543,0.10227206624421895
wb,West Bengal,West Bengal,Paschim Medinipur,11,0.5308199004170084,0.5056530003632653,-0.025166900053743113,-0.053640169470340955
wb,West Bengal,West Bengal,Purba Barddhaman,11,-0.07541676822220117,-0.07146034102089685,0.003956427201304319,0.0036789710912214896
wb,West Bengal,West Bengal,Purba Medinipur,11,0.16438031074079207,0.19933287836100116,0.034952567620209096,0.041828319831950324
wb,West Bengal,West Bengal,Puruliya,11,0.08079317126685978,0.1208153021532229,0.040022130886363125,0.043539853747085425
wb,West Bengal,West Bengal,South Twenty-Four Parganas,11,0.5424912107601182,0.4184184275495615,-0.1240727832105567,-0.2711921303559977
wb,West Bengal,West Bengal,Uttar Dinajpur,11,0.25757944600903626,0.2655514071530716,0.007971961144035311,0.010737796928144234
telangana,Telangana,Telangana,Adilabad,12,0.27340013174306593,0.2739651740610507,0.0005650423179847652,0.0007776526568058222
telangana,Telangana,Telangana,Bhadradri Kothagudem,9,0.32354649257695467,0.5945643923729804,0.27101789979602575,0.40064527247182213
telangana,Telangana,Telangana,Jagtial,9,0.6781219543450997,0.6057510026217624,-0.0723709517233373,-0.2248396642774742
telangana,Telangana,Telangana,Jangaon,9,-0.5984134458791162,-0.6256404094128414,-0.027226963533725224,-0.017033742805354458
telangana,Telangana,Telangana,Jayashankar Bhupalapally,9,-0.46104199704639,-0.3021645078081008,0.1588774892382892,0.10874258889167622
telangana,Telangana,Telangana,Jogulamba Gadwal,9,0.3192902378530801,0.4310973450612182,0.11180710720813813,0.1642507768002399
telangana,Telangana,Telangana,Kamareddy,9,0.2997053313989433,0.46046574664566403,0.16076041524672074,0.22956110114027242
telangana,Telangana,Telangana,Karimnagar,12,-0.11315609643778744,-0.061931952172367466,0.05122414426541998,0.04601703609165188
telangana,Telangana,Telangana,Khammam,12,0.32144479988311836,0.390848688868659,0.06940388898554062,0.10228186148096094
telangana,Telangana,Telangana,Kumuram Bheem,9,0.06371289219325676,0.1480978680001995,0.08438497580694274,0.09012724313230684
telangana,Telangana,Telangana,Mahabubabad,9,0.14351000578494674,0.058632185451716605,-0.08487782033323013,-0.09909960525693945
telangana,Telangana,Telangana,Mahabubnagar,12,0.49928205154535943,0.7374542415676593,0.23817219002229983,0.47566137934014074
telangana,Telangana,Telangana,Mancherial,9,-0.2823043028742338,0.07787007866614179,0.3601743815403756,0.28088058406499855
telangana,Telangana,Telangana,Medak,12,0.18349776016950034,0.14596320858031164,-0.0375345515891887,-0.04596993095448289
telangana,Telangana,Telangana,Medchal-Malkajgiri,9,-0.12396158299595121,0.656305002236702,0.7802665852326531,0.694211080731808
telangana,Telangana,Telangana,Mulugu,7,-0.08273688033006425,0.4267050284096633,0.5094419087397275,0.4705131209573538
telangana,Telangana,Telangana,Nagarkurnool,9,0.5661674950014163,0.8088640520165864,0.24269655701517012,0.5594245572169896
telangana,Telangana,Telangana,Nalgonda,12,0.4264491712322589,0.5831965209968941,0.15674734976463522,0.2732928659547102
telangana,Telangana,Telangana,Narayanpet,7,0.6409652960339698,0.7836164515873612,0.14265115555339136,0.397318571095256
telangana,Telangana,Telangana,Nirmal,9,0.09329995919802726,0.514015691885497,0.42071573268746976,0.4640076251847836
telangana,Telangana,Telangana,Nizamabad,12,0.32761525393697816,0.3794747085904302,0.05185945465345204,0.07712764894965554
telangana,Telangana,Telangana,Peddapalli,9,-0.1647533944303111,-0.0746637013801476,0.09008969305016348,0.07734658124282778
telangana,Telangana,Telangana,Rangareddy,12,0.4596667875725269,0.6811275089460941,0.2214607213735672,0.40985953904007527
telangana,Telangana,Telangana,Ranjanna Sircilla,9,0.33609368481245755,0.3775019517916415,0.04140826697918393,0.062370647833778756
telangana,Telangana,Telangana,Sangareddy,9,0.41024642202274997,0.5965358119841513,0.18628938996140132,0.31587665919779717
telangana,Telangana,Telangana,Siddipet,9,0.5335561025377444,0.6334368422460316,0.09988073970828715,0.21413237530108206
telangana,Telangana,Telangana,Suryapet,9,0.6862458748719575,0.6258811853542189,-0.06036468951773866,-0.19239488721655512
telangana,Telangana,Telangana,Vikarabad,9,0.6430416511716894,0.8367352366690414,0.19369358549735194,0.5426223707419559
telangana,Telangana,Telangana,Wanaparthy,9,0.5692955642730767,0.2800141830887477,-0.289281381184329,-0.6716470906460322
telangana,Telangana,Telangana,Warangal (Rural),12,0.14882584430904575,0.2695032644053531,0.12067742009630736,0.14177758956784295
telangana,Telangana,Telangana,Warangal (Urban),9,0.11500833279349035,0.34123827186254696,0.2262299390690566,0.2556294566966433
telangana,Telangana,Telangana,Yadadri Bhuvanagiri,9,0.1774794215002913,0.16112541070437958,-0.016354010795911728,-0.01988279834377119
maharashtra,Maharashtra,Maharashtra,Ahamadnagar,12,0.2875984356618684,0.520248373944452,0.23264993828258362,0.326571346735785
maharashtra,Maharashtra,Maharashtra,Amaravati,12,0.32762065059634016,0.11451740976236138,-0.21310324083397877,-0.3169390032917909
maharashtra,Maharashtra,Maharashtra,Bhandara,12,0.39636723585381506,0.3449732881856711,-0.05139394766814398,-0.08514108365346722
maharashtra,Maharashtra,Maharashtra,Bid,8,0.740754624023124,0.5223721238869706,-0.21838250013615335,-0.8423776096806157
maharashtra,Maharashtra,Maharashtra,Chandrapur,12,0.22026320802384403,0.6021305893898217,0.38186738136597764,0.4897388263521301
maharashtra,Maharashtra,Maharashtra,Dhule,12,0.3231633148076357,0.08143483175566239,-0.2417284830519733,-0.35714447567698177
maharashtra,Maharashtra,Maharashtra,Gadchiroli,12,-0.020497561833938742,0.6182740987863319,0.6387716606202706,0.6259413883089857
maharashtra,Maharashtra,Maharashtra,Gondia,12,0.5445988419582759,0.6520678863949795,0.10746904443670358,0.23598763977419926
maharashtra,Maharashtra,Maharashtra,Kolhapur,12,-0.22375538936534978,-0.2203576668977418,0.003397722467607972,0.0027764719135333574
maharashtra,Maharashtra,Maharashtra,Latur,12,0.30521750310824175,0.15758789423978597,-0.14762960886845578,-0.21248320089942527
maharashtra,Maharashtra,Maharashtra,Nagpur,12,0.579802771399955,0.3810110348307278,-0.19879173656922716,-0.47309149856017363
maharashtra,Maharashtra,Maharashtra,Nanded,12,0.34559557771079685,0.26910376407604863,-0.07649181363474822,-0.11688767836740555
maharashtra,Maharashtra,Maharashtra,Nashik,12,0.34526985057646503,0.06901041312021397,-0.27625943745625103,-0.4219439683654205
maharashtra,Maharashtra,Maharashtra,Parbhani,5,0.10200916689661188,-0.09600308168963978,-0.19801224858625166,-0.2205058685309029
maharashtra,Maharashtra,Maharashtra,Pune,12,0.44923490077107364,0.3460103999272519,-0.10322450084382173,-0.18742019236210955
maharashtra,Maharashtra,Maharashtra,Raygad,12,-0.7967807489456568,-0.143977455276276,0.6528032936693807,0.3633182813498213
maharashtra,Maharashtra,Maharashtra,Sangli,12,0.059441150242403595,-0.2986557973525636,-0.3580969475949672,-0.38072784886055455
maharashtra,Maharashtra,Maharashtra,Satara,12,-0.075791157965013,-0.3301184110643644,-0.2543272530993514,-0.23640950310508377
maharashtra,Maharashtra,Maharashtra,Solapur,9,0.3969216314343041,-0.1578685230291948,-0.5547901544634989,-0.9199304491437138
maharashtra,Maharashtra,Maharashtra,Usmanabad,11,0.6628061408021813,0.736953493943916,0.0741473531417347,0.2198953246602136
karnataka,Karnataka,Karnataka,Bagalkot,11,0.5876542193343517,0.3475161396480754,-0.24013807968627632,-0.5823706484849251
karnataka,Karnataka,Karnataka,Ballari,12,0.6692767076874218,0.3753182866551733,-0.29395842103224845,-0.8888349501383712
karnataka,Karnataka,Karnataka,Belagavi,12,0.6593369653781874,0.3861929523633345,-0.2731440130148529,-0.8018011502718045
karnataka,Karnataka,Karnataka,Bengaluru Urban,12,0.5194010084561204,0.18439807268150754,-0.3350029357746128,-0.6970529311733406
karnataka,Karnataka,Karnataka,Bidar,12,0.3152527762174082,0.29741801552746977,-0.017834760689938445,-0.02604575830394459
karnataka,Karnataka,Karnataka,Chamarajanagar,12,0.3450569700446066,0.5269458489581716,0.18188887891356503,0.2777170999528815
karnataka,Karnataka,Karnataka,Chikkamagaluru,12,-0.3921691997814783,-0.4889753404022014,-0.09680614062072312,-0.06953618901777046
karnataka,Karnataka,Karnataka,Dakshina Kannada,12,0.28956987873697115,0.4042247085438918,0.11465482980692066,0.1613879062490806
karnataka,Karnataka,Karnataka,Davangere,12,0.008862283549504718,0.06532468233590526,0.05646239878640054,0.05696725878680724
karnataka,Karnataka,Karnataka,Dharwad,12,0.7287120341333797,0.7550211210510892,0.0263090869177095,0.09697845178523126
karnataka,Karnataka,Karnataka,Gadag,12,0.17103079775949379,0.0639194641240024,-0.10711133363549138,-0.12921026902567065
karnataka,Karnataka,Karnataka,Haveri,12,-0.38245564478334526,-0.14524124946731942,0.23721439531602584,0.17158915456792212
karnataka,Karnataka,Karnataka,Kalaburagi,12,0.3096894125919616,0.6818572263583258,0.3721678137663642,0.5391309659087962
karnataka,Karnataka,Karnataka,Koppal,12,0.47752198128631473,0.0751142537376644,-0.40240772754865034,-0.7701907317351991
karnataka,Karnataka,Karnataka,Mandya,12,-0.04110400867417635,-0.053918409824988585,-0.012814401150812234,-0.01230847354735585
karnataka,Karnataka,Karnataka,Mysuru,12,-0.19922113404439734,-0.27890864072736704,-0.0796875066829697,-0.06644938487218115
karnataka,Karnataka,Karnataka,Raichur,12,0.5509744023701507,0.4268805788293397,-0.124093823540811,-0.2763624706382703
karnataka,Karnataka,Karnataka,Shivamogga,12,-0.3170859049448336,-0.23184359953858624,0.08524230540624733,0.06472038390678679
karnataka,Karnataka,Karnataka,Tumakuru,12,0.30094899707295986,-0.1622950977247809,-0.46324409479774076,-0.6626756743900838
karnataka,Karnataka,Karnataka,Udupi,12,0.29433106206825693,0.35791699520200454,0.06358593313374761,0.09010731479851257
karnataka,Karnataka,Karnataka,Uttara Kannada,12,-0.09032315781026082,-0.44647215614151214,-0.35614899833125135,-0.32664535810329803
karnataka,Karnataka,Karnataka,Vijayapura,12,0.6282547682375713,0.6301264367249988,0.0018716684874274803,0.005034815049419673
karnataka,Karnataka,Karnataka,Yadgir,12,0.8510073995449564,0.7186427156201328,-0.1323646839248236,-0.8883977024400131
andhra_pradesh,Andhra Pradesh,Andhra Pradesh,Anantapur,12,0.2780502424544008,0.3356916185155797,0.05764137606117892,0.07984125690012192
andhra_pradesh,Andhra Pradesh,Andhra Pradesh,Chittoor,12,0.28200006627733765,0.2494581063072582,-0.03254195997007944,-0.04532306820887429
andhra_pradesh,Andhra Pradesh,Andhra Pradesh,East Godavari,12,0.29723440138167556,0.4744343826976098,0.17719998131593423,0.25214663561266953
andhra_pradesh,Andhra Pradesh,Andhra Pradesh,Guntur,12,0.3076794542774966,0.29921681421214585,-0.008462640065350746,-0.012223586484089046
andhra_pradesh,Andhra Pradesh,Andhra Pradesh,Krishna,12,0.5518467271013777,0.6203895467423853,0.06854281964100761,0.1529450386419756
andhra_pradesh,Andhra Pradesh,Andhra Pradesh,Kurnool,12,-0.09695668223952465,0.3065711670469011,0.40352784928642577,0.3678612435840141
andhra_pradesh,Andhra Pradesh,Andhra Pradesh,Potti Sriramulu Nellore,12,0.09940900323827515,0.24749150226482766,0.14808249902655252,0.16442813614506038
andhra_pradesh,Andhra Pradesh,Andhra Pradesh,Prakasam,12,-0.3159447076963399,-0.43302314440702383,-0.11707843671068391,-0.08896911551522442
andhra_pradesh,Andhra Pradesh,Andhra Pradesh,Srikakulam,12,0.5713212507953076,0.542312774285688,-0.029008476509619574,-0.0676694997441269
andhra_pradesh,Andhra Pradesh,Andhra Pradesh,Visakhapatnam,12,0.7470474413700464,0.7683219796223848,0.021274538252338382,0.08410485494816078
andhra_pradesh,Andhra Pradesh,Andhra Pradesh,Vizianagaram,12,0.4410424168661577,0.4087422834893242,-0.03230013337683352,-0.057786376554263975
andhra_pradesh,Andhra Pradesh,Andhra Pradesh,West Godavari,12,0.5103232348505196,0.5448544929657013,0.03453125811518176,0.07051847376225953
andhra_pradesh,Andhra Pradesh,Andhra Pradesh,Y S R Kadapa,12,-0.4025329836048518,0.021192255067137504,0.4237252386719893,0.3021142772577884
tamil_nadu,Tamil Nadu,Tamil Nadu,Ariyalur,12,-0.6891385299287284,-0.6512911566745839,0.037847373254144445,0.022406316938221392
tamil_nadu,Tamil Nadu,Tamil Nadu,Chengalpattu,5,-0.42990826070761134,-0.6658198546893936,-0.2359115939817823,-0.16498372690359728
tamil_nadu,Tamil Nadu,Tamil Nadu,Coimbatore,12,-0.370288546800036,-0.01871318734132403,0.35157535945871193,0.25657031161774485
tamil_nadu,Tamil Nadu,Tamil Nadu,Cuddalore,12,-0.2837267410611054,-0.2155287581996453,0.06819798286146012,0.05312499979948138
tamil_nadu,Tamil Nadu,Tamil Nadu,Dharmapuri,12,-0.3318271226790137,-0.46963488838989365,-0.13780776571087994,-0.10347271306029203
tamil_nadu,Tamil Nadu,Tamil Nadu,Dindigul,12,-0.7785866705928942,-0.6409940063887462,0.13759266420414806,0.0773606743371586
tamil_nadu,Tamil Nadu,Tamil Nadu,Erode,12,0.044385558167659156,0.5137330494452235,0.4693474912775643,0.4911473401109499
tamil_nadu,Tamil Nadu,Tamil Nadu,Kallakkurichi,5,-0.559889922630653,-0.8632948820582408,-0.30340495942758783,-0.19450408328551486
tamil_nadu,Tamil Nadu,Tamil Nadu,Kanchipuram,12,-0.3031317585357421,-0.42632867681055714,-0.12319691827481505,-0.09453911123557045
tamil_nadu,Tamil Nadu,Tamil Nadu,Karur,7,-0.5541771041602266,-0.3730953305676899,0.1810817735925367,0.11651295924242892
tamil_nadu,Tamil Nadu,Tamil Nadu,Krishnagiri,12,-0.00602605858230866,-0.26284410356056526,-0.2568180449782566,-0.25527971446402137
tamil_nadu,Tamil Nadu,Tamil Nadu,Madurai,12,-0.14705267395715402,-0.050222120171936294,0.09683055378521772,0.08441683279562683
tamil_nadu,Tamil Nadu,Tamil Nadu,Nagapattinam,12,0.15692506816461504,0.25957341498096703,0.10264834681635199,0.12175471353760361
tamil_nadu,Tamil Nadu,Tamil Nadu,Namakkal,12,-0.5630239749182009,-0.6972143958179307,-0.13419042089972977,-0.08585307906537548
tamil_nadu,Tamil Nadu,Tamil Nadu,Perambalur,12,-0.47252780641319003,-0.39318369537843334,0.07934411103475669,0.0538829288582499
tamil_nadu,Tamil Nadu,Tamil Nadu,Pudukkottai,12,0.3321803778617009,0.4073102255089665,0.0751298476472656,0.11250020987210066
tamil_nadu,Tamil Nadu,Tamil Nadu,Ranippettai,5,0.3954886577058907,0.0026535561689940076,-0.3928351015368967,-0.6498390915976776
tamil_nadu,Tamil Nadu,Tamil Nadu,Salem,12,-0.5988801982207652,-0.33479141603906565,0.26408878218169957,0.16517108816256384
tamil_nadu,Tamil Nadu,Tamil Nadu,Sivaganga,12,0.521164832748136,0.6083137400115751,0.08714890726343916,0.18200189381161186
tamil_nadu,Tamil Nadu,Tamil Nadu,Teni,12,-0.4278692780024741,-0.6706767012325495,-0.24280742323007543,-0.17004877615250064
tamil_nadu,Tamil Nadu,Tamil Nadu,Tenkasi,5,0.0796831009711064,0.1482150728218466,0.0685319718507402,0.07446562365969184
tamil_nadu,Tamil Nadu,Tamil Nadu,Thanjavur,12,-0.38917772849160104,-0.3101756473597876,0.07900208113181345,0.05686967154130495
tamil_nadu,Tamil Nadu,Tamil Nadu,Thiruvarur,12,0.00361801181682625,0.030118651361173435,0.026500639544347185,0.026596867324618214
tamil_nadu,Tamil Nadu,Tamil Nadu,Tiruchirapalli,12,-0.06409461036576025,-0.18167821378921706,-0.1175836034234568,-0.11050107977056656
tamil_nadu,Tamil Nadu,Tamil Nadu,Tirunelveli,12,-0.5714328443801121,-0.46549048167955515,0.10594236270055696,0.06741768385422055
tamil_nadu,Tamil Nadu,Tamil Nadu,Tiruppattur,5,0.35104202034854876,-0.6254652747345535,-0.9765072950831022,-1.5047311624206767
tamil_nadu,Tamil Nadu,Tamil Nadu,Tiruppur,8,-0.8290405408242665,-0.5020132328786266,0.32702730794563983,0.17879718937135386
tamil_nadu,Tamil Nadu,Tamil Nadu,Tiruvallur,12,0.1157451047998367,0.00528686153343727,-0.11045824326639943,-0.12491674500868404
tamil_nadu,Tamil Nadu,Tamil Nadu,Tiruvannamalai,12,-0.3820534147007759,-0.4477682932879157,-0.06571487858713976,-0.04754872560505737
tamil_nadu,Tamil Nadu,Tamil Nadu,Tuticorin,12,-0.17663244576015313,-0.14737560180502596,0.029256843955127176,0.024864896476848423
tamil_nadu,Tamil Nadu,Tamil Nadu,Vellore,12,-0.4991232247717038,-0.2626040698272485,0.2365191549444553,0.15777165681658623
tamil_nadu,Tamil Nadu,Tamil Nadu,Villupuram,12,-0.3914424680372581,-0.43565156946933337,-0.04420910143207529,-0.03177213751024561
tamil_nadu,Tamil Nadu,Tamil Nadu,Virudhunagar,12,0.06807917339913445,0.05941610242419488,-0.008663070974939575,-0.00929593022031463
odisha,Odisha,Odisha,Anugul,12,0.3502816132401183,0.47592089969474516,0.12563928645462685,0.19337498986473925
odisha,Odisha,Odisha,Baragarh,12,0.7324787710510623,0.7386588578805426,0.006180086829480347,0.023101295002872283
odisha,Odisha,Odisha,Baudh (Bauda),12,0.7645870305515571,0.7516692484196835,-0.012917782131873556,-0.05487285667454545
odisha,Odisha,Odisha,Bolangir (Balangir),12,0.18851393802554384,0.20414381670482937,0.01562987867928553,0.019260809780584406
odisha,Odisha,Odisha,Cuttack,12,0.4739154129834546,0.5176050157448832,0.04368960276142858,0.08304672640039641
odisha,Odisha,Odisha,Deogarh,12,0.2873083008616241,0.3008398901904289,0.013531589328804772,0.018986595950484735
odisha,Odisha,Odisha,Dhenkanal,12,0.5878958890882003,0.6900398655373989,0.10214397644919859,0.24785963969929894
odisha,Odisha,Odisha,Gajapati,5,0.4397573507996983,0.49339844238311054,0.05364109158341224,0.09574617651830024
odisha,Odisha,Odisha,Ganjam,6,0.49746835976938475,0.588923886700798,0.09145552693141323,0.1819895895300118
odisha,Odisha,Odisha,Jagatsinghpur,12,0.12394074620575035,0.09385247199227446,-0.030088274213475888,-0.03434502185002019
odisha,Odisha,Odisha,Jajapur,12,0.2156561093593852,0.22219511400579084,0.006539004646405638,0.008336910281872521
odisha,Odisha,Odisha,Jharsuguda,12,0.45537296086650725,0.4544839724011261,-0.0008889884653811575,-0.0016322885231617353
odisha,Odisha,Odisha,Kalahandi,12,0.6111250736514707,0.6155283972330345,0.004403323581563812,0.011323238612759856
odisha,Odisha,Odisha,Kandhamal,12,0.5692284459361721,0.6071113795207097,0.03788293358453765,0.08794205008932528
odisha,Odisha,Odisha,Kendraparha,12,0.3407812178522823,0.3136747882740097,-0.02710642957827264,-0.04111901892412804
odisha,Odisha,Odisha,Keonjhar (Kendujhar),12,0.8969502706017609,0.8979852663399783,0.0010349957382174146,0.010043653139715092
odisha,Odisha,Odisha,Khordha,7,0.8883057512658964,0.8976977216157769,0.009391970349880485,0.08408642751372779
odisha,Odisha,Odisha,Koraput,12,0.8456995527188758,0.8450266553986179,-0.0006728973202578814,-0.0043609550854503435
odisha,Odisha,Odisha,Malkangiri,12,0.48104093393282277,0.6690432260863333,0.1880022921535105,0.36226805628090586
odisha,Odisha,Odisha,Mayurbhanj,12,0.8785472457499618,0.8754916198370768,-0.003055625912884996,-0.025158967631102813
odisha,Odisha,Odisha,Nabarangapur,12,0.6761097653978535,0.6043690742711059,-0.07174069112674764,-0.2214969253854503
odisha,Odisha,Odisha,Nayagarh,7,0.6944514244266512,0.7403088864423731,0.04585746201572194,0.15008239501582482
odisha,Odisha,Odisha,Nuaparha,12,0.4603373765503537,0.5380753332393825,0.07773795668902878,0.14404917685814533
odisha,Odisha,Odisha,Rayagarha,12,0.6737818920840071,0.6359088489207527,-0.03787304316325435,-0.11609730497550229
odisha,Odisha,Odisha,Sambalpur,12,0.6084267363681093,0.648173087400265,0.039746351032155736,0.10150425149945987
odisha,Odisha,Odisha,Subarnapur,12,0.6894809941175435,0.6978951635759537,0.008414169458410226,0.027097115793277126
odisha,Odisha,Odisha,Sundargarh,12,0.3416717719323097,0.3604368747456335,0.01876510281332383,0.0285041746856317
jharkhand,Jharkhand,Jharkhand,Bokaro,12,0.40245657926876954,0.4131138913818018,0.01065731211303228,0.017835209531703373
jharkhand,Jharkhand,Jharkhand,Chatra,9,0.9395614460197743,0.8227776611935407,-0.11678378482623364,-1.9322729803304528
jharkhand,Jharkhand,Jharkhand,Deoghar,12,0.5591353829234732,0.5335715539455778,-0.025563828977895442,-0.0579856672268575
jharkhand,Jharkhand,Jharkhand,Dhanbad,9,0.7283918845759627,0.762266349752315,0.033874465176352286,0.12471816287030722
jharkhand,Jharkhand,Jharkhand,Dumka,12,0.7647668618915242,0.7402494435326463,-0.024517418358877885,-0.10422603956238463
jharkhand,Jharkhand,Jharkhand,East Singhbhum,12,0.6393615104137772,0.6415985963257987,0.0022370859120215414,0.0062031257800249035
jharkhand,Jharkhand,Jharkhand,Garhwa,12,0.5689304126866676,0.6698101486862825,0.10087973599961497,0.23402192817255815
jharkhand,Jharkhand,Jharkhand,Giridih,12,0.6397035352098781,0.6152617815167819,-0.024441753693096202,-0.06783789484954811
jharkhand,Jharkhand,Jharkhand,Godda,12,0.6802580399932556,0.59067091274859,-0.08958712724466567,-0.2801857073834663
jharkhand,Jharkhand,Jharkhand,Gumla,12,0.6234593458248027,0.6726617254353597,0.04920237961055707,0.13066950159295182
jharkhand,Jharkhand,Jharkhand,Hazaribagh,12,0.3288710953352566,0.38055221577916676,0.051681120443910156,0.07700625034132155
jharkhand,Jharkhand,Jharkhand,Jamtara,11,0.7275811258496054,0.7949062683079067,0.06732514245830123,0.24713831840129027
jharkhand,Jharkhand,Jharkhand,Khunti,12,0.46121148441110044,0.5875189485082496,0.12630746409714916,0.23442864953996692
jharkhand,Jharkhand,Jharkhand,Kodarma,12,0.29797197079050114,0.21590417107516763,-0.08206779971533351,-0.11690103001691243
jharkhand,Jharkhand,Jharkhand,Latehar,12,0.5874685648920307,0.5457787709659445,-0.04168979392608618,-0.10105846579952137
jharkhand,Jharkhand,Jharkhand,Lohardaga,12,0.8635529083388558,0.871244565943969,0.007691657605113256,0.05637098974754912
jharkhand,Jharkhand,Jharkhand,Pakur,12,0.7793564399319999,0.7470869021818491,-0.032269537750150734,-0.14625189033482594
jharkhand,Jharkhand,Jharkhand,Palamu,12,0.6431696197577569,0.7428092076872485,0.09963958792949157,0.2792351589061693
jharkhand,Jharkhand,Jharkhand,Ramgarh,11,0.6998903297534027,0.7716109136739892,0.07172058392058644,0.238981249293481
jharkhand,Jharkhand,Jharkhand,Ranchi,12,0.5783532068818095,0.6137762462827298,0.035423039400920286,0.08401116759114295
jharkhand,Jharkhand,Jharkhand,Sahibganj,12,0.6582215531823782,0.7690312387351874,0.11080968555280923,0.32421496026032026
jharkhand,Jharkhand,Jharkhand,Saraikela-Kharsawan,12,0.5031444699216162,0.47041271282173447,-0.03273175709988174,-0.06587781582046191
jharkhand,Jharkhand,Jharkhand,Simdega,12,0.6758613442409382,0.5855354791665668,-0.09032586507437146,-0.27866427983681263
jharkhand,Jharkhand,Jharkhand,West Singhbhum,12,0.4805012185146544,0.5929753504663383,0.11247413195168393,0.21650509290916728
assam,Assam,Assam,Baksa,12,-0.06937289992613233,-0.09654414692988361,-0.027171247003751287,-0.025408580117962744
assam,Assam,Assam,Barpeta,12,0.9180581069751782,0.9344830817009703,0.016424974725792074,0.20044661063439953
assam,Assam,Assam,Biswanath,5,-0.7529386732811227,-0.4865875563148111,0.26635111696631164,0.15194548504526964
assam,Assam,Assam,Bongaigaon,12,0.2286109073836559,0.35179859858233997,0.12318769119868409,0.15969592048659206
assam,Assam,Assam,Cachar,12,0.4421672412163995,-0.09965394368076841,-0.5418211848971679,-0.9712968203564324
assam,Assam,Assam,Charaideo,5,-0.7118987884126874,-0.42391789429873716,0.2879808941139502,0.1682230842519451
assam,Assam,Assam,Chirang,12,0.25613312513646913,0.4683904543345274,0.2122573291980583,0.28534316605642485
assam,Assam,Assam,Darrang,12,0.46915250782402157,0.4999954423811578,0.030842934557136215,0.0581013097202532
assam,Assam,Assam,Dhemaji,12,0.45753525853413146,0.4942641082265551,0.036728849692423626,0.06770734922452942
assam,Assam,Assam,Dhubri,12,0.4995374653953373,0.5988763110318202,0.09933884563648288,0.19849407052009393
assam,Assam,Assam,Dibrugarh,12,-0.02487523923313111,-0.0293256153301369,-0.004450376097005791,-0.004342358881004689
assam,Assam,Assam,Dima Hasao,12,-0.42111694231034597,-0.011628196632816064,0.4094887456775299,0.2881457067226386
assam,Assam,Assam,Goalpara,12,0.7556426069084854,0.7721416595088678,0.016499052600382424,0.06752016950108541
assam,Assam,Assam,Golaghat,12,0.07084699371435058,0.12124634706279748,0.050399353348446904,0.054242253974855714
assam,Assam,Assam,Hailakandi,12,-0.30673489417004624,0.2736442912846424,0.5803791854546887,0.44414455299543226
assam,Assam,Assam,Hojai,5,-0.008906035487863692,-0.33137772042471964,-0.32247168493685596,-0.3196250925200606
assam,Assam,Assam,Jorhat,12,0.19262117056961156,0.22828793892122556,0.035666768351614,0.04417600146486026
assam,Assam,Assam,Kamrup Metro,10,0.014813672320384323,0.24066762853608384,0.2258539562156995,0.22924999045373234
assam,Assam,Assam,Kamrup Rural,12,0.5667096705442729,0.5528652966690675,-0.013844373875205429,-0.03195172597688919
assam,Assam,Assam,Karbi Anglong,12,0.5187480535750236,0.3645761163738032,-0.1541719372012204,-0.32035597642046043
assam,Assam,Assam,Karimganj,12,0.1812991784999289,0.17168880695059285,-0.009610371549336055,-0.011738563461714105
assam,Assam,Assam,Kokrajhar,12,0.512436316697479,0.540059554561515,0.027623237864035977,0.05665565096425866
assam,Assam,Assam,Lakhimpur,12,-0.1673889963235154,-0.10467275102840941,0.06271624529510599,0.05372351931757082
assam,Assam,Assam,Majuli,5,0.25527441903728865,0.6086805460259422,0.3534061269886536,0.474545437974352
assam,Assam,Assam,Marigaon,12,0.11391287246028385,0.16651525201495876,0.05260237955467491,0.05936479373166062
assam,Assam,Assam,Nagaon,12,0.5162226994384166,0.5810473998033534,0.06482470036493682,0.13399698640197943
assam,Assam,Assam,Nalbari,12,0.7052828926127281,0.7917495281304241,0.08646663551769596,0.29338858637776605
assam,Assam,Assam,Sibsagar,12,0.10534733957993514,0.11391867553388266,0.008571335953947518,0.009580629816629653
assam,Assam,Assam,Sonitpur,12,0.2363389518322409,0.2966570662783774,0.060318114446136495,0.07898545380945758
assam,Assam,Assam,South Salmara Mancachar,5,0.05567997228598888,0.39016660683021176,0.3344866345442229,0.35420898077735435
assam,Assam,Assam,Tinsukia,12,-0.15091145175361373,-0.17517859325677237,-0.024267141503158646,-0.0210851507873898
assam,Assam,Assam,Udalguri,12,0.809675502385062,0.8132563078937032,0.0035808055086411494,0.018814212324289373
assam,Assam,Assam,West Karbi Anglong,5,-0.020252523299685618,0.2531803061603636,0.2734328294600492,0.2680050509218216
manipur,Manipur,Manipur,Bishnupur,11,0.0440439773532825,0.09693198025216723,0.052888002898884734,0.05532472378013355
manipur,Manipur,Manipur,Chandel,10,0.3208647142468202,0.21566504301095157,-0.10519967123586865,-0.15490237872002086
manipur,Manipur,Manipur,Churachandpur,10,-0.1226681441260716,0.1802548476408257,0.3029229917668973,0.26982416251126845
manipur,Manipur,Manipur,Imphal East,11,-0.11369894749288775,-0.30617235390762615,-0.1924734064147384,-0.17282355060856117
manipur,Manipur,Manipur,Imphal West,11,0.06455843696467349,0.07386601388666333,0.009307576921989844,0.009949928771379967
manipur,Manipur,Manipur,Thoubal,11,-0.0218577023778957,-0.0681866848975345,-0.0463289825196388,-0.04533799805181267
manipur,Manipur,Manipur,Ukhrul,10,-0.15820005467866605,0.08421018518696416,0.2424102398656302,0.2092991093260526
haryana,Haryana,Haryana,Ambala,12,0.44613147831950006,0.4905633238986392,0.04443184557913915,0.08022092579720524
haryana,Haryana,Haryana,Bhiwani,12,0.43702614229725156,-0.005707644817954501,-0.44273378711520606,-0.7864197973984266
haryana,Haryana,Haryana,Charkhi Dadri,8,0.7391947410963747,0.7533859206743687,0.014191179577993984,0.05441293491416144
haryana,Haryana,Haryana,Fatehabad,12,0.4757639161170977,0.5300910193969038,0.054327103279806166,0.10363098792707508
haryana,Haryana,Haryana,Gurugram,12,-0.08725611034614099,-0.14272945256516,-0.05547334221901902,-0.05102141224238181
haryana,Haryana,Haryana,Hisar,12,0.488448569655206,0.4112056805151873,-0.0772428891400187,-0.15099730849732104
haryana,Haryana,Haryana,Jhajjar,12,0.7341265711651844,0.7011936201955589,-0.03293295096962556,-0.12386702617840938
haryana,Haryana,Haryana,Jind,12,0.5504969601122911,0.5885807261084046,0.03808376599611352,0.08472415671677612
haryana,Haryana,Haryana,Kaithal,12,0.722798064404886,0.7290149650485279,0.006216900643641887,0.02242733489683276
haryana,Haryana,Haryana,Karnal,12,0.7192362030984548,0.7399965471688926,0.02076034407043781,0.07394238252775087
haryana,Haryana,Haryana,Kurukshetra,12,0.6931998349415036,0.6918206269767078,-0.0013792079647958477,-0.0044954603089371855
haryana,Haryana,Haryana,Panchkula,12,0.10618129043649288,0.04345159056473309,-0.06272969987175979,-0.07018168136399114
haryana,Haryana,Haryana,Panipat,12,0.5453294821193171,0.5638821411841859,0.018552659064868804,0.04080462298577603
haryana,Haryana,Haryana,Rewari,12,-0.19631157909439517,-0.4647885902443577,-0.26847701114996253,-0.22442064077754637
haryana,Haryana,Haryana,Rohtak,12,0.8520297186569388,0.8657594485164808,0.013729729859542017,0.09278707680301268
haryana,Haryana,Haryana,Sirsa,12,-0.12455939936217132,-0.10249149913110295,0.022067900231068374,0.019623596800297845
haryana,Haryana,Haryana,Sonipat,12,0.6964742984504761,0.6455700580819025,-0.05090424036857366,-0.16770981867006088
haryana,Haryana,Haryana,Yamunanagar,12,0.4806939046171628,0.362537261459607,-0.11815664315755581,-0.22752793431097634
tripura,Tripura,Tripura,Dhalai,12,-0.2899610195360638,-0.2762119637291508,0.013749055806912991,0.010658504868509793
tripura,Tripura,Tripura,Gomati,12,-0.4368509532520298,-0.5273396865034122,-0.0904887332513824,-0.06297711884909073
tripura,Tripura,Tripura,Khowai,12,-0.15312388294428209,-0.32197101921294885,-0.16884713626866676,-0.14642584267489786
tripura,Tripura,Tripura,North Tripura,12,-0.14980958366780622,0.019238604568527065,0.16904818823633327,0.14702276849796492
tripura,Tripura,Tripura,Sepahijala,12,-0.3668094878186058,-0.17554295465950143,0.19126653315910436,0.1399364980004353
tripura,Tripura,Tripura,South Tripura,12,-0.48900529670282433,-0.543880863669353,-0.05487556696652862,-0.03685384268816385
tripura,Tripura,Tripura,Unokoti,12,0.21941669198463642,0.18676017124940275,-0.032656520735233674,-0.04183604799116576
tripura,Tripura,Tripura,West Tripura,12,-0.2762695786371642,-0.3375006568343252,-0.06123107819716095,-0.047976602453021856
bihar,Bihar,Bihar,Araria,8,0.5296720413135588,0.5290154549774778,-0.0006565863360810109,-0.0013960180847312645
bihar,Bihar,Bihar,Begusarai,9,0.40941849176421813,0.4783096298730496,0.06889113810883146,0.11664967011010371
bihar,Bihar,Bihar,Bhagalpur,6,0.8617082376699943,0.8759125492624369,0.01420431159244262,0.10271263705893675
bihar,Bihar,Bihar,Bhojpur,9,0.7196212281104507,0.6920804266478232,-0.027540801462627496,-0.09822712781364472
bihar,Bihar,Bihar,Buxar,5,0.6806158231734739,0.6438054414432375,-0.03681038173023643,-0.1152542436384694
bihar,Bihar,Bihar,Darbhanga,12,0.45269382497962585,0.44025898576171163,-0.012434839217914218,-0.02272007842310808
bihar,Bihar,Bihar,Gopalganj,12,0.2704958283505795,0.3201337242702441,0.04963789591966461,0.06804333388174126
bihar,Bihar,Bihar,Katihar,12,-0.06354906229899865,-0.027757912812475097,0.03579114948652355,0.03365256080350102
bihar,Bihar,Bihar,Khagaria,12,0.6002607951328415,0.5844774906566056,-0.015783304476235882,-0.03948400428094361
bihar,Bihar,Bihar,Kishanganj,12,0.5544908632255462,0.554472019116555,-1.8844108991222797e-05,-4.229791812499444e-05
bihar,Bihar,Bihar,Madhepura,12,0.2743021707971209,0.2744125484908215,0.0001103776937005918,0.00015209869626016777
bihar,Bihar,Bihar,Madhubani,12,0.39096150908761046,0.3855801424708403,-0.0053813666167701335,-0.008835839929769308
bihar,Bihar,Bihar,Munger,5,0.9230849383954082,0.9260479084407466,0.002962970045338409,0.03852262461376641
bihar,Bihar,Bihar,Muzaffarpur,12,0.2795712874550708,0.3073377458079197,0.02776645835284891,0.03854157652151776
bihar,Bihar,Bihar,Nawada,6,0.6997429154305078,0.6991297050870713,-0.0006132103434365321,-0.0020422843454826435
bihar,Bihar,Bihar,Pashchimi Champaran,12,0.029180558327648598,0.04366357045828064,0.014483012130632043,0.01491833754965119
bihar,Bihar,Bihar,Patna,11,0.5340692703935701,0.5546610996485485,0.020591829254978378,0.04419504434140291
bihar,Bihar,Bihar,Purbi Champaran,12,0.2854839352329281,0.28553855600371747,5.462077078938199e-05,7.644442649051992e-05
bihar,Bihar,Bihar,Purnia,10,0.34921302087816397,0.39884426055064087,0.0496312396724769,0.07626341839145075
bihar,Bihar,Bihar,Saharsa,12,0.4519182298988844,0.4472102396870353,-0.004707990211849089,-0.008589941261831264
bihar,Bihar,Bihar,Samastipur,11,0.6707697401793438,0.634484665989706,-0.03628507418963778,-0.1102118444683778
bihar,Bihar,Bihar,Saran,12,0.4267364746475245,0.4437048341619956,0.016968359514471065,0.029599579886122947
bihar,Bihar,Bihar,Sheohar,12,0.10979464741261179,0.10917124776145166,-0.0006233996511601225,-0.0007002874666482368
bihar,Bihar,Bihar,Sitamarhi,12,0.5250869260621487,0.489289092475925,-0.03579783358622368,-0.07537765446084203
bihar,Bihar,Bihar,Siwan,12,0.4052311767373751,0.39151150990962613,-0.013719666827748944,-0.023067225939129153
bihar,Bihar,Bihar,Supaul,12,0.4051377693319238,0.4129713498424059,0.007833580510482108,0.013168730685228397
bihar,Bihar,Bihar,Vaishali,12,0.4930330213008768,0.40495336893183453,-0.08807965236904225,-0.17373844070683767
chhattisgarh,Chhattisgarh,Chhattisgarh,Balod,11,0.7961848559998177,0.7553509242831064,-0.04083393171671135,-0.20034787854956854
chhattisgarh,Chhattisgarh,Chhattisgarh,Bastar,11,0.6900551605070339,0.6995270845295711,0.00947192402253727,0.030560031385043356
chhattisgarh,Chhattisgarh,Chhattisgarh,Bemetara,11,0.7731186915164515,0.7711984002167322,-0.0019202912997192678,-0.008463858537110434
chhattisgarh,Chhattisgarh,Chhattisgarh,Bijapur,11,0.4777644037944212,0.42943487147582954,-0.04832953231859166,-0.09254354293299967
chhattisgarh,Chhattisgarh,Chhattisgarh,Bilaspur,11,0.6231915299907433,0.6213638077718502,-0.0018277222188931574,-0.004850533797311557
chhattisgarh,Chhattisgarh,Chhattisgarh,Dakshin Bastar Dantewada,11,0.20171862306783658,0.2186480130713897,0.01692939000355312,0.02120729669106605
chhattisgarh,Chhattisgarh,Chhattisgarh,Dhamtari,11,0.6900018700170136,0.7283820626100204,0.038380192593006734,0.12380781972818079
chhattisgarh,Chhattisgarh,Chhattisgarh,Durg,11,0.8482329847830921,0.8653805520129788,0.01714756722988675,0.11298612682985933
chhattisgarh,Chhattisgarh,Chhattisgarh,Gariyaband,11,0.6639899294951936,0.6285701179784247,-0.035419811516768984,-0.10541294629519841
chhattisgarh,Chhattisgarh,Chhattisgarh,Gaurela-Pendra-Marwahi,5,-0.44147224118857614,-0.4276372116166862,0.013835029571889923,0.009597846685193293
chhattisgarh,Chhattisgarh,Chhattisgarh,Janjgir - Champa,11,0.3971371652701594,0.39570432501400543,-0.0014328402561539777,-0.0023767268002116483
chhattisgarh,Chhattisgarh,Chhattisgarh,Jashpur,10,0.5187450414687156,0.4587876872577652,-0.059957354210950387,-0.12458542639005932
chhattisgarh,Chhattisgarh,Chhattisgarh,Kabirdham,10,0.7961983982346467,0.7074424164049052,-0.08875598182974143,-0.43550188546570157
chhattisgarh,Chhattisgarh,Chhattisgarh,Kondagaon,11,0.42176909806353874,0.4132594476204897,-0.008509650443049022,-0.01471669953050019
chhattisgarh,Chhattisgarh,Chhattisgarh,Korba,10,0.7713446026544168,0.684778774076355,-0.08656582857806183,-0.3785864212390698
chhattisgarh,Chhattisgarh,Chhattisgarh,Korea,10,0.48330054858375293,0.5682048252429821,0.08490427665922917,0.1643204312033056
chhattisgarh,Chhattisgarh,Chhattisgarh,Mahasamund,10,0.6837773237961501,0.6848694298156135,0.0010921060194634125,0.00345359805493328
chhattisgarh,Chhattisgarh,Chhattisgarh,Mungeli,11,0.26136320054584483,0.3607153348437842,0.09935213429793938,0.13450742553222308
chhattisgarh,Chhattisgarh,Chhattisgarh,Narainpur,11,-0.05727739750530562,0.21622575224408502,0.27350314974939066,0.25868627324743143
chhattisgarh,Chhattisgarh,Chhattisgarh,Raigarh,10,0.9403113224444455,0.9064496309697007,-0.033861691474744826,-0.5673051047785146
chhattisgarh,Chhattisgarh,Chhattisgarh,Raipur,10,0.8250856983570274,0.80118248350399,-0.02390321485303737,-0.13665672062555273
chhattisgarh,Chhattisgarh,Chhattisgarh,Raj Nandgaon,10,0.839084993187246,0.8743870890270089,0.03530209583976285,0.21938349032195326
chhattisgarh,Chhattisgarh,Chhattisgarh,Sukma,11,0.12316812826219128,0.32359319495687316,0.20042506669468188,0.22857867415044558
chhattisgarh,Chhattisgarh,Chhattisgarh,Surajpur,11,0.5445518990410659,0.43990355553601745,-0.10464834350504848,-0.2297700732195702
chhattisgarh,Chhattisgarh,Chhattisgarh,Surguja,11,0.6936293687318479,0.5739511923040329,-0.11967817642781498,-0.39063201303739253
chhattisgarh,Chhattisgarh,Chhattisgarh,Uttar Bastar Kanker,10,0.2493729702243239,0.32950569731794205,0.08013272709361816,0.10675438522053451
gujarat,Gujarat,Gujarat,Ahmadabad,12,0.07385044025366153,-0.17693270275974696,-0.2507831430134085,-0.2707803943480738
gujarat,Gujarat,Gujarat,Anand,12,-0.2194467450933942,-0.2103796140217682,0.009067131071626017,0.007435446531887368
gujarat,Gujarat,Gujarat,Bharuch,12,0.1261141473253842,0.11394148970613796,-0.012172657619246241,-0.01392934509923761
gujarat,Gujarat,Gujarat,Kheda,12,0.28391764635647193,0.28382552702418995,-9.211933228198133e-05,-0.00012864348885748288
gujarat,Gujarat,Gujarat,Mahisagar,11,-0.36535420619252557,-0.33150640815879395,0.03384779803373161,0.024790488709974214
gujarat,Gujarat,Gujarat,Navsari,12,0.11543264419069099,0.07352011054246284,-0.041912533648228154,-0.04738195839239569
gujarat,Gujarat,Gujarat,Panch Mahals,12,0.09972718825696461,0.002492084188361318,-0.09723510406860329,-0.10800626521236885
gujarat,Gujarat,Gujarat,Surat,12,0.09514892277459577,0.04956450153743398,-0.04558442123716179,-0.050377816178259816
gujarat,Gujarat,Gujarat,Tapi,12,0.7592453163715577,0.37221124694152885,-0.3870340694300288,-1.607586874726558
gujarat,Gujarat,Gujarat,Vadodara,12,0.19682158421878101,0.496652664609042,0.29983108039026096,0.3733056995793736
himachal_pradesh,Himachal Pradesh,Himachal Pradesh,Bilaspur,12,-0.012927395001117446,-0.011966693605494932,0.0009607013956225135,0.0009484405302528653
himachal_pradesh,Himachal Pradesh,Himachal Pradesh,Chamba,12,0.6588815445986513,0.3894327958884506,-0.26944874871020075,-0.7898978916082868
himachal_pradesh,Himachal Pradesh,Himachal Pradesh,Kangra,12,0.7802861269024468,0.38574412883237774,-0.39454199807006907,-1.7957081749448385
himachal_pradesh,Himachal Pradesh,Himachal Pradesh,Kullu,12,-0.3491503415963835,-0.24835491654120562,0.10079542505517786,0.07471029873209799
himachal_pradesh,Himachal Pradesh,Himachal Pradesh,Mandi,12,0.6643600848982235,0.3123312592492337,-0.3520288256489898,-1.0488288484468353
himachal_pradesh,Himachal Pradesh,Himachal Pradesh,Sirmaur,12,0.437892147425071,0.5257587863727834,0.0878666389477124,0.1563163342145265
himachal_pradesh,Himachal Pradesh,Himachal Pradesh,Solan,12,-0.3611806252189016,-0.2442997172664135,0.1168809079524881,0.0858673020957021
himachal_pradesh,Himachal Pradesh,Himachal Pradesh,Una,12,-0.21370915812918728,0.14036333971933643,0.3540724978485237,0.2917276313497473
kerala,Kerala,Kerala,Alappuzha,12,-0.2601397363869737,0.009216915747812495,0.26935665213478616,0.21375141530500072
kerala,Kerala,Kerala,Ernakulam,12,-0.42317631285353074,-0.4831485465324506,-0.05997223367891985,-0.042139707594396995
kerala,Kerala,Kerala,Kannur,12,0.11519727591531688,0.31915745342956936,0.2039601775142525,0.23051486163228832
kerala,Kerala,Kerala,Kasaragod,12,-0.41707618390547463,-0.22324432458498053,0.1938318593204941,0.13678294894935836
kerala,Kerala,Kerala,Kollam,12,-0.5109111236933628,-0.4333637917423303,0.07754733195103247,0.051324879891989326
kerala,Kerala,Kerala,Kottayam,12,0.030424976549808018,-0.44971818988275764,-0.48014316643256566,-0.49520991653023033
kerala,Kerala,Kerala,Kozhikode,12,0.39295358300199235,-0.25485960100897026,-0.6478131840109627,-1.0671559305374976
kerala,Kerala,Kerala,Malappuram,12,-0.18587043763335276,-0.5419146521696908,-0.35604421453633806,-0.30023871346932063
kerala,Kerala,Kerala,Palakkad,12,0.009827427727113213,0.1424601829168154,0.1326327551897022,0.13394913058968194
kerala,Kerala,Kerala,Pattanamthitta,12,-0.22216200981459083,-0.09307660925252957,0.12908540056206125,0.10562053109607314
kerala,Kerala,Kerala,Thiruvananthapuram,12,-0.4101648355076921,-0.31366129804139203,0.09650353746630008,0.06843422487666598
kerala,Kerala,Kerala,Trissur,12,-0.13428567492036667,-0.030895605151922204,0.10339006976844446,0.09114993872747536
meghalaya,Meghalaya,Meghalaya,East Garo Hills,11,-0.6954619714129294,-0.4407964270517859,0.2546655443611435,0.15020422082891988
meghalaya,Meghalaya,Meghalaya,East Jaintia Hills,11,-0.9258614174028785,-0.1430304390349094,0.7828309783679691,0.406483546164841
meghalaya,Meghalaya,Meghalaya,East Khasi Hills,9,-0.7189782428234532,-0.6428186881048963,0.07615955471855695,0.0443051301181471
meghalaya,Meghalaya,Meghalaya,North Garo Hills,10,-0.19499913233944563,-0.21814814725963955,-0.023149014920193917,-0.019371574667903877
meghalaya,Meghalaya,Meghalaya,Ri-Bhoi,9,-0.4879955191823723,-0.27000272079054294,0.21799279839182933,0.1465009777123607
meghalaya,Meghalaya,Meghalaya,South Garo Hills,11,-0.2341838550929472,0.17679516531633532,0.4109790204092825,0.33299659423784267
meghalaya,Meghalaya,Meghalaya,South West Garo Hills,10,0.1415879923556263,0.10867307359315624,-0.03291491876247006,-0.03834396358549796
meghalaya,Meghalaya,Meghalaya,South West Khasi Hills,10,-0.7005189249010286,-0.28821155289714584,0.4123073720038828,0.24245973741684726
meghalaya,Meghalaya,Meghalaya,West Garo Hills,11,0.5309846598972282,0.12436728669616778,-0.4066173732010604,-0.8669596459509435
meghalaya,Meghalaya,Meghalaya,West Jaintia Hills,10,-0.507540816984003,-0.24117188166864073,0.26636893531536227,0.17669102707829953
meghalaya,Meghalaya,Meghalaya,West Khasi Hills,11,-0.6762699551362639,-0.750183832666518,-0.07391387753025414,-0.04409425659857137
mizoram,Mizoram,Mizoram,Aizawl,12,-0.2623961856077186,-0.21691534698795392,0.04548083861976468,0.03602738913368165
mizoram,Mizoram,Mizoram,Champhai,12,0.7140056193530185,0.2845741852343318,-0.42943143411868673,-1.5015380132547342
mizoram,Mizoram,Mizoram,Kolasib,12,-0.4665838098286414,0.7512097554389693,1.2177935652676106,0.8303607043159027
mizoram,Mizoram,Mizoram,Mamit,12,-0.12955799245357905,-0.07358486245247879,0.055973130001100255,0.049553126422059786
mizoram,Mizoram,Mizoram,Saiha,12,0.17102438632454325,0.3005134338040283,0.12948904747948503,0.15620368722954966
mizoram,Mizoram,Mizoram,Serchhip,12,0.22684057204465663,-0.13735916359527062,-0.36419973563992725,-0.471053863500146
nagaland,Nagaland,Nagaland,Dimapur,12,-0.1465420548040648,-0.12590176793458033,0.020640286869484464,0.01800220653311468
nagaland,Nagaland,Nagaland,Kohima,12,-0.34456712097557846,-0.13134577799687458,0.21322134297870388,0.15857991739675795
nagaland,Nagaland,Nagaland,Mokokchung,12,-0.26130586811154,-0.005139849444654107,0.2561660186668859,0.20309587479397387
nagaland,Nagaland,Nagaland,Mon,12,-0.04903278383392952,-0.00036567937395459715,0.04866710445997492,0.046392357998679405
nagaland,Nagaland,Nagaland,Paren,12,-0.2294647539501311,-0.28911663920307973,-0.05965188525294862,-0.048518581001443
nagaland,Nagaland,Nagaland,Wokha,12,-0.39176388799329714,-0.0018031179099140572,0.3899607700833831,0.28019175770226706
rajasthan,Rajasthan,Rajasthan,Ajmer,10,0.7871874129031486,0.4208974842352332,-0.36628992866791543,-1.7211854508456133
rajasthan,Rajasthan,Rajasthan,Baran,12,-0.18611318887880007,-0.4441878755879968,-0.25807468670919675,-0.21758015097458583
rajasthan,Rajasthan,Rajasthan,Bharatpur,12,0.2589030074378798,0.35674646390928477,0.09784345647140497,0.1320251700565409
rajasthan,Rajasthan,Rajasthan,Bhilwara,12,0.5225824721977167,0.3673087235515717,-0.15527374864614502,-0.3252367992455647
rajasthan,Rajasthan,Rajasthan,Bundi,12,0.7249872318372411,0.5182263758190934,-0.20676085601814775,-0.7518227513559731
rajasthan,Rajasthan,Rajasthan,Chittaurgarh,12,0.16262248145159908,0.19479202373353052,0.032169542281931446,0.038417012123393934
rajasthan,Rajasthan,Rajasthan,Dhaulpur,12,0.5998507994327625,0.5076764599977288,-0.09217433943503373,-0.23034992773788032
rajasthan,Rajasthan,Rajasthan,Ganganagar,12,0.20712377894158102,-0.0369207649160922,-0.2440445438576732,-0.3077965228064168
rajasthan,Rajasthan,Rajasthan,Hanumangarh,12,0.10571947528726633,-0.11286058263746745,-0.21858005792473378,-0.2444200135018566
rajasthan,Rajasthan,Rajasthan,Jhalawar,12,0.21487126064688183,-0.053645388987903164,-0.268516649634785,-0.3420033380207439
rajasthan,Rajasthan,Rajasthan,Kota,12,0.6023254283723353,0.4193146235056965,-0.1830108048666388,-0.4602024316455124
rajasthan,Rajasthan,Rajasthan,Raj Samand,12,0.5058731384680794,0.7480674954433185,0.24219435697523917,0.49014610584895996
rajasthan,Rajasthan,Rajasthan,Tonk,9,0.4394558620016472,0.6537180980500548,0.21426223604840755,0.3822397230189876
uttarakhand,Uttarakhand,Uttarakhand,Bageshwar,12,0.4884210457556225,0.04234460957010039,-0.4460764361855221,-0.8719601001655645
uttarakhand,Uttarakhand,Uttarakhand,Chamoli,12,0.5285423819522785,0.5943698464433105,0.06582746449103194,0.1396254127011875
uttarakhand,Uttarakhand,Uttarakhand,Dehradun,12,0.42276659289043683,0.753572275589934,0.33080568269949717,0.5730882492681297
uttarakhand,Uttarakhand,Uttarakhand,Haridwar,12,0.4775565035834504,0.39406484999836355,-0.08349165358508687,-0.15980992041772515
uttarakhand,Uttarakhand,Uttarakhand,Nainital,12,0.5205846499590916,0.45080446506650784,-0.06978018489258375,-0.14555267136654976
uttarakhand,Uttarakhand,Uttarakhand,Pithoragarh,12,0.3141636044397428,0.4757232903067938,0.161559685867051,0.23556592638259374
uttarakhand,Uttarakhand,Uttarakhand,Udham Singh Nagar,12,0.31790256859656174,0.41607249300150045,0.09816992440493871,0.14392360956843192
uttarakhand,Uttarakhand,Uttarakhand,Uttarkashi,12,0.2845891369097696,0.013542808398171666,-0.27104632851159793,-0.3788680637875812
puducherry,Puducherry,Puducherry,Karaikal,12,0.09160938676305341,-0.06583529426447327,-0.15744468102752668,-0.1733226639875664
puducherry,Puducherry,Puducherry,Puducherry,12,-0.15057581737710823,-0.06685955837492642,0.08371625900218181,0.07276031508555798
puducherry,Puducherry,Puducherry,Yanam,12,0.02872511030450217,0.396202715985962,0.3674776056814598,0.3783456255073853
chandigarh,Chandigarh,Chandigarh,Chandigarh,12,-0.1028657596534906,-0.18454633689550579,-0.08168057724201519,-0.07406212091277402
