region_key,state,n,raw_500,esri_500,jordi20_500,raw_300,esri_300,jordi20_300,d_jordi20_500,d_jordi20_300
andhra_pradesh,Andhra Pradesh,13,-0.20984160663420873,-0.018376517271329655,0.17103767412712365,-0.2289569937597418,-0.027091621295174034,0.15665263913441232,0.3808792807613324,0.3856096328941541
assam,Assam,33,-0.020858160493866254,0.16009954821972325,0.11052708571826195,0.06822871863968367,0.25575475441886064,0.1920279049988586,0.13138524621212821,0.12379918635917493
bihar,Bihar,37,0.4875930003896221,0.5169396427545158,0.6318473512906968,0.4917321214893778,0.5255849155192547,0.6390348270142976,0.1442543509010747,0.1473027055249198
chandigarh,Chandigarh,1,,,,,,,,
chhattisgarh,Chhattisgarh,26,0.27573064220099075,0.6650760132291511,0.7093186812593525,0.3069232485931245,0.6842489915179834,0.7237552151651045,0.43358803905836174,0.4168319665719801
gujarat,Gujarat,22,-0.14067096297760845,-0.056717127048439925,0.21419619303298917,-0.10162254441258176,-0.016280935122245453,0.229214571631461,0.3548671560105976,0.33083711604404276
haryana,Haryana,22,0.8722535396408277,0.7423203864270457,0.35006797193733374,0.8681202768989333,0.7553391514246355,0.23281454212323235,-0.522185567703494,-0.635305734775701
himachal_pradesh,Himachal Pradesh,11,-0.2949848465798517,-0.2989436045188403,0.5137157362948849,-0.14095349419733705,-0.6079751172709453,0.5008273406721624,0.8087005828747366,0.6417808348694994
jharkhand,Jharkhand,24,-0.12507457479386194,-0.2514840961443841,-0.150050122516755,-0.10282139632890218,-0.205377052646982,-0.08413187460532257,-0.024975547722893066,0.018689521723579613
karnataka,Karnataka,29,-0.2387823726885406,-0.16805274716628302,0.37211203436785173,-0.2544258996912931,-0.16758568470661386,0.4205333385427589,0.6108944070563923,0.674959238234052
kerala,Kerala,13,-0.49024987124945874,-0.4891818884695072,0.24202744209357935,-0.39618363730284056,-0.38164697359204003,0.27384290906664016,0.732277313343038,0.6700265463694808
maharashtra,Maharashtra,22,0.6811327510565606,0.6098092589234534,-0.2816900453926802,0.6731130943705241,0.5803946208615909,-0.4497825416517936,-0.9628227964492408,-1.1228956360223177
manipur,Manipur,4,-0.25203318845409656,0.3388461004946716,0.427854710488413,-0.4606738997949852,-0.39339123482672994,-0.44348174656927586,0.6798878989425096,0.017192153225709328
meghalaya,Meghalaya,11,-0.0908543260229257,0.19950323046172225,0.08305123424317323,0.17146131518032778,-0.007363715908505736,0.17119245692993842,0.17390556026609894,-0.00026885825038935884
mizoram,Mizoram,8,-0.6285218310878252,0.06440586615626728,0.11948110196473609,-0.7240515412612223,0.031288004598089725,-0.20882759873597723,0.7480029330525613,0.5152239425252451
mp,Madhya Pradesh,49,0.11944786542225105,0.05208762940761439,0.6169767303188575,0.13104119187458982,0.04955612910189268,0.39417189299922245,0.4975288648966064,0.26313070112463266
nagaland,Nagaland,11,-0.5393877693091006,0.09880904115011069,0.39152220523279035,-0.7936366627742162,0.08867550075712338,0.3439707981482393,0.930909974541891,1.1376074609224553
odisha,Odisha,30,-0.021145094634997558,0.3690889139436521,0.24069295081077952,-0.1513200123899254,0.2359730971519137,0.13335492375075303,0.26183804544577705,0.2846749361406784
puducherry,Puducherry,3,,,,,,,,
punjab,Punjab,22,0.6871446134030544,0.7193876951548205,0.6787531990438254,0.6600629759774582,0.6943905491417633,0.6625016542871933,-0.008391414359229077,0.0024386783097350984
rajasthan,Rajasthan,21,-0.4391251268504915,-0.2944806874439575,0.31798907268685683,-0.4315113144304006,-0.292884380568243,0.246749364676766,0.7571141995373483,0.6782606791071666
tamil_nadu,Tamil Nadu,35,0.2054240531444672,0.17221777746488803,0.0506946646274344,0.23842353623119628,0.21660325480888748,0.12708593703158008,-0.1547293885170328,-0.1113375991996162
telangana,Telangana,32,-0.057505746669879676,0.3050519951885296,0.46796803541625076,-0.009427575752391129,0.35203448476074645,0.5153230823689683,0.5254737820861304,0.5247506581213595
tripura,Tripura,8,-0.9602165915863745,0.4582207163442171,-0.02700463157792085,-0.9205829853409864,0.5030672792110032,0.3309300700082771,0.9332119600084536,1.2515130553492635
up,Uttar Pradesh,74,0.1328580930730451,0.1867866463032829,0.21978473187119188,0.1130622127007579,0.16598625632110084,0.19720963142978323,0.08692663879814677,0.08414741872902533
uttarakhand,Uttarakhand,13,0.1547435988024778,-0.47338423154555676,0.4619074929088521,0.2262846201993406,-0.3498629435069268,0.49684200775405424,0.3071638941063743,0.27055738755471365
wb,West Bengal,22,-0.37703493223512147,0.24319729102630427,0.17161766603995163,-0.35375087972536806,0.13743754002877476,0.42452561531871896,0.5486525982750731,0.778276495044087
