region_key,state,r_raw,p_raw,n_districts,r_esri,p_esri,r_jordi,p_jordi,d_esri,d_jordi
andhra_pradesh,Andhra Pradesh,-0.20984160663420873,0.49140068281787047,13,-0.018376517271329655,0.9524858703165326,0.17103767412712365,0.5763720577196686,0.19146508936287907,0.3808792807613324
assam,Assam,-0.020858160493866254,0.9082760903546563,33,0.16009954821972325,0.3734658776854651,0.11052708571826195,0.5403203154620448,0.18095770871358952,0.13138524621212821
bihar,Bihar,0.4875930003896221,0.0022056615807792127,37,0.5169396427545158,0.0010530743939186876,0.6318473512906968,2.7374811020497426e-05,0.02934664236489365,0.1442543509010747
chandigarh,Chandigarh,,,1,,,,,,
chhattisgarh,Chhattisgarh,0.27573064220099075,0.17275269455230624,26,0.6650760132291511,0.00020984693775412416,0.7093186812593525,4.9670628516127026e-05,0.38934537102816036,0.43358803905836174
gujarat,Gujarat,-0.14067096297760845,0.5323594361473866,22,-0.056717127048439925,0.8020462003897859,0.21419619303298917,0.33846778648674236,0.08395383592916852,0.3548671560105976
haryana,Haryana,0.8722535396408277,1.220321466756136e-07,22,0.7423203864270457,7.630882652772287e-05,0.35006797193733374,0.11023615471840037,-0.12993315321378207,-0.522185567703494
himachal_pradesh,Himachal Pradesh,-0.2949848465798517,0.37852521122996774,11,-0.2989436045188403,0.3718533216799224,0.5137157362948849,0.10601092660293898,-0.0039587579389885885,0.8087005828747366
jharkhand,Jharkhand,-0.12507457479386194,0.5603498104918493,24,-0.2514840961443841,0.23585316506965034,-0.150050122516755,0.4840344558600006,-0.12640952135052216,-0.024975547722893066
karnataka,Karnataka,-0.2387823726885406,0.21222880727584,29,-0.16805274716628302,0.3835331568066954,0.37211203436785173,0.04683658989468447,0.07072962552225759,0.6108944070563923
kerala,Kerala,-0.49024987124945874,0.08897951669429448,13,-0.4891818884695072,0.08978390146091404,0.24202744209357935,0.42564460902247,0.0010679827799515151,0.732277313343038
maharashtra,Maharashtra,0.6811327510565606,0.0004834130026111811,22,0.6098092589234534,0.002584874844672775,-0.2816900453926802,0.2040751755732638,-0.07132349213310718,-0.9628227964492408
manipur,Manipur,-0.25203318845409656,0.7479668115459035,4,0.3388461004946716,0.6611538995053283,0.427854710488413,0.572145289511587,0.5908792889487682,0.6798878989425096
meghalaya,Meghalaya,-0.0908543260229257,0.7904965938621424,11,0.19950323046172225,0.5564484018519712,0.08305123424317323,0.8081872929109384,0.29035755648464795,0.17390556026609894
mizoram,Mizoram,-0.6285218310878252,0.09510359449654317,8,0.06440586615626728,0.8795725390956985,0.11948110196473609,0.7780959031227084,0.6929276972440925,0.7480029330525613
mp,Madhya Pradesh,0.11944786542225105,0.41365259007886446,49,0.05208762940761439,0.7222582987991195,0.6169767303188575,2.345416449706574e-06,-0.06736023601463667,0.4975288648966064
nagaland,Nagaland,-0.5393877693091006,0.08682280426303642,11,0.09880904115011069,0.7725530834030109,0.39152220523279035,0.2337419506182804,0.6381968104592113,0.930909974541891
odisha,Odisha,-0.021145094634997558,0.9116897735419718,30,0.3690889139436521,0.04472998470165715,0.24069295081077952,0.2001072584388259,0.39023400857864965,0.26183804544577705
puducherry,Puducherry,,,3,,,,,,
punjab,Punjab,0.6871446134030544,0.00041110345486378413,22,0.7193876951548205,0.00016104340951784586,0.6787531990438254,0.0005149096791711714,0.032243081751766045,-0.008391414359229077
rajasthan,Rajasthan,-0.4391251268504915,0.04641522863898303,21,-0.2944806874439575,0.19504174800271137,0.31798907268685683,0.16009408192082744,0.144644439406534,0.7571141995373483
tamil_nadu,Tamil Nadu,0.2054240531444672,0.23647423929592634,35,0.17221777746488803,0.3225315261085894,0.0506946646274344,0.77242253668902,-0.03320627567957918,-0.1547293885170328
telangana,Telangana,-0.057505746669879676,0.7545709028717295,32,0.3050519951885296,0.08956168141848295,0.46796803541625076,0.006913989124201049,0.3625577418584093,0.5254737820861304
tripura,Tripura,-0.9602165915863745,0.00015275544328579858,8,0.4582207163442171,0.25352436157369423,-0.02700463157792085,0.9493909268196897,1.4184373079305916,0.9332119600084536
up,Uttar Pradesh,0.1328580930730451,0.25913322793488563,74,0.1867866463032829,0.11104734364560763,0.21978473187119188,0.05989728100635236,0.05392855323023779,0.08692663879814677
uttarakhand,Uttarakhand,0.1547435988024778,0.6137158266226832,13,-0.47338423154555676,0.1022717932757359,0.4619074929088521,0.11205143523782965,-0.6281278303480345,0.3071638941063743
wb,West Bengal,-0.37703493223512147,0.08367996168217585,22,0.24319729102630427,0.2754536408560272,0.17161766603995163,0.445067684667466,0.6202322232614257,0.5486525982750731
