state,n_districts,sR2_raw_300m,sR2_esri_300m,sR2_jordi_300m,sR2_jordi_300m_20models,dsR2_jordi_300m,dsR2_jordi_300m_20models,dsR2_20_vs_1,sR2_raw_500m,sR2_esri_500m,sR2_jordi20_500m,dsR2_jordi20_500m
Andhra Pradesh,13,-0.05242130499149844,-0.0007339559444011272,0.00014647519391493743,0.024540049347776413,0.05256778018541338,0.07696135433927485,0.024393574153861477,-0.04403349987482599,-0.00033769638702347714,0.02925388597081614,0.07328738584564214
Assam,33,0.004655158047213118,0.06541049440785171,0.03682757864498963,0.03687471629825067,0.032172420597776516,0.03221955825103755,4.713765326103819e-05,-0.00043506285918788295,0.02563186534015949,0.012216236677372025,0.012651299536559907
Bihar,37,0.2418004793044442,0.2762395034213821,0.47636668489140505,0.40836551013719324,0.23456620558696084,0.16656503083274904,-0.0680011747542118,0.23774693402895403,0.2672265942511664,0.39923107533306923,0.1614841413041152
Chandigarh,1,,,,,,,,,,,
Chhattisgarh,26,0.09420188052695688,0.46819668239337725,0.5147557163837664,0.5238216114786868,0.4205538358568095,0.4296197309517299,0.009065895094920395,0.07602738704857077,0.442326103372782,0.5031329915835069,0.4271056045349361
Gujarat,22,-0.01032714153288715,-0.00026506884845476557,0.07523851861033651,0.05253931984819417,0.08556566014322366,0.06286646138108132,-0.02269919876214234,-0.01978831982504769,-0.003216832500628876,0.04588000910982556,0.06566832893487325
Haryana,22,0.7536328151630807,0.5705372336748884,0.018911257366458684,0.05420261102405033,-0.734721557796622,-0.6994302041390303,0.035291353657591645,0.760826237415953,0.5510395561051984,0.12254758497631789,-0.6382786524396351
Himachal Pradesh,11,-0.01986788752643873,-0.3696337432206197,0.22821549751117776,0.2508280251647502,0.24808338503761648,0.270695912691189,0.022612527653572467,-0.08701605971173863,-0.08936727868271678,0.2639038577169957,0.35091991742873435
Jharkhand,24,-0.01057223954302518,-0.04217973375396122,-0.031364795800188944,-0.00707817232460572,-0.020792556257163766,0.0034940672184194596,0.024286623475583226,-0.015643649259865364,-0.06324425061355783,-0.022515039267293188,-0.006871390007427824
Karnataka,29,-0.06473253843372394,-0.028084961718584593,0.1353446641187176,0.1768482888259187,0.20007720255244155,0.24158082725964264,0.04150362470720109,-0.0570170215067691,-0.028241725830134644,0.13846736612138127,0.19548438762815037
Kerala,13,-0.1569614744665087,-0.1456544124519633,-0.05758788644622293,0.07498993884608016,0.09937358802028579,0.23195141331258887,0.13257782529230308,-0.24034493626011086,-0.2392989200065934,0.0585772827263609,0.29892221898647175
Maharashtra,22,0.45308123781306214,0.3368579159250698,0.2865209428220189,-0.20230433477474744,-0.16656029499104325,-0.6553855725878096,-0.4888252775967663,0.4639418245618785,0.37186733226877144,-0.07934928167333025,-0.5432911062352087
Manipur,4,-0.21222044195232007,-0.15475666363849938,-0.02568543352783025,-0.19667605954013542,0.1865350084244898,0.015544382412184643,-0.17099062601230516,-0.06352072808233815,0.1148166798204451,0.1830596532871237,0.24658038136946187
Meghalaya,11,0.029398982603367704,-5.4224311981180454e-05,0.062181331609619715,0.029306857309708823,0.032782349006252015,-9.212529365888039e-05,-0.03287447429991089,-0.008254508557080074,0.03980153896466306,0.00689750750931443,0.015152016066394504
Mizoram,8,-0.5242506344027514,0.0009789392317300838,-0.170943841496144,-0.04360896599383432,0.35330679290660744,0.4806416684089171,0.12733487550230968,-0.3950396921539927,0.004148115595339015,0.014275733726707662,0.40931542588070036
Madhya Pradesh,49,0.017171793967913063,0.0024558099315634546,0.4274271118417347,0.15537148123059047,0.41025531787382163,0.1381996872626774,-0.27205563061114424,0.014267792553932198,0.0027131211373049753,0.3806602857549482,0.366392493201016
Nagaland,11,-0.629859152499395,0.00786334443452659,0.09090710099742953,0.11831590997873677,0.7207662534968244,0.7481750624781317,0.027408808981307237,-0.2909391656802475,0.009763226613004267,0.15328963719034722,0.44422880287059474
Odisha,30,-0.022897746149687176,0.0556833025794665,0.008962411285946983,0.017783535688569153,0.03186015743563416,0.040681281838256325,0.00882112440262217,-0.0004471150271230025,0.13622662639610464,0.05793309657000033,0.05838021159712333
Puducherry,3,,,,,,,,,,,
Punjab,22,0.4356831322562186,0.4821782347373997,0.47237966723131314,0.43890844193326783,0.036696534975094564,0.0032253096770492595,-0.033471225298045304,0.47216771972883315,0.5175186559401649,0.4607059052122268,-0.011461814516606328
Rajasthan,21,-0.18620201448145204,-0.0857812603808434,0.001550816627475548,0.06088524896838766,0.1877528311089276,0.2470872634498397,0.05933443234091211,-0.19283087703146023,-0.08671887527746579,0.10111705034824711,0.2939479273797073
Tamil Nadu,35,0.05684578262898856,0.046916969993803834,0.12155784402551245,0.01615083539119474,0.06471206139652388,-0.04069494723779382,-0.1054070086343177,0.042199041610300886,0.029658962874945696,0.002569949021688049,-0.03962909258861284
Telangana,32,-8.887918456707316e-05,0.12392827846076422,0.2234947118823194,0.2655578792222545,0.22358359106688647,0.26564675840682156,0.04206316733993509,-0.0033069109000603775,0.09305671976850269,0.21899408217134533,0.22230099307140572
Tripura,8,-0.8474730328993227,0.2530766874127615,0.19837577168095102,0.1095147112356832,1.0458488045802738,0.956987744135006,-0.08886106044526783,-0.9220159027577544,0.2099662248870075,-0.00072925012665924,0.9212866526310951
Uttar Pradesh,74,0.012783063940791423,0.02755143728749419,0.08772613161939492,0.03889163872867095,0.0749430676786035,0.026108574787879528,-0.048834492890723974,0.017651272895005916,0.034889251237227706,0.04830532836369171,0.030654055468685795
Uttarakhand,13,0.05120472933875982,-0.12240407923933107,0.25548104150091927,0.24685198066907968,0.20427631216215944,0.19564725133031985,-0.008629060831839591,0.023945581370342205,-0.2240926306759773,0.21335853200534124,0.18941295063499905
West Bengal,22,-0.12513968490647182,0.018889077409161063,0.300134752311477,0.18022199806173694,0.42527443721794883,0.30536168296820876,-0.11991275424974007,-0.14215534012554262,0.05914492236253294,0.029452623297000366,0.17160796342254298
