region,mask,r,p,n,n_districts,yield_coverage_pct
punjab,raw,0.628,0.0,264,22,98.5
punjab,esri,0.65,0.0,264,22,98.5
punjab,crop,0.583,0.0,264,22,98.5
mp,raw,0.21,0.0,570,52,99.5
mp,esri,0.155,0.0002,570,52,99.5
mp,crop,0.484,0.0,570,52,99.5
up,raw,0.363,0.0,888,74,98.7
up,esri,0.419,0.0,888,74,98.7
up,jordi,0.219,0.0,888,74,98.7
wb,raw,-0.079,0.2414,223,22,100.0
wb,esri,0.187,0.005,223,22,100.0
wb,jordi,0.244,0.0002,223,22,100.0
telangana,raw,0.18,0.0014,311,32,100.0
telangana,esri,0.333,0.0,311,32,100.0
telangana,jordi,0.434,0.0,311,32,100.0
maharashtra,raw,0.437,0.0,289,28,100.0
maharashtra,esri,0.343,0.0,289,28,100.0
maharashtra,jordi,-0.254,0.0,289,28,100.0
karnataka,raw,-0.08,0.1392,347,29,95.9
karnataka,esri,0.019,0.7262,347,29,95.9
karnataka,jordi,0.303,0.0,347,29,95.9
andhra_pradesh,raw,-0.236,0.003,156,13,80.0
andhra_pradesh,esri,-0.073,0.3623,156,13,80.0
andhra_pradesh,jordi,0.018,0.8214,156,13,80.0
tamil_nadu,raw,0.112,0.029,382,37,98.7
tamil_nadu,esri,0.02,0.7025,382,37,98.7
tamil_nadu,jordi,0.075,0.1438,382,37,98.7
odisha,raw,0.206,0.0003,311,30,100.0
odisha,esri,0.428,0.0,311,30,100.0
odisha,jordi,0.408,0.0,311,30,100.0
jharkhand,raw,0.357,0.0,280,24,100.0
jharkhand,esri,0.496,0.0,280,24,100.0
jharkhand,jordi,0.506,0.0,280,24,100.0
assam,raw,0.233,0.0,352,33,100.0
assam,esri,0.248,0.0,352,33,100.0
assam,jordi,0.261,0.0,352,33,100.0
manipur,raw,-0.711,0.0,94,9,100.0
manipur,esri,-0.315,0.002,94,9,100.0
manipur,jordi,0.299,0.0034,94,9,100.0
haryana,raw,0.729,0.0,250,22,100.0
haryana,esri,0.704,0.0,250,22,100.0
haryana,jordi,0.389,0.0,250,22,100.0
tripura,raw,-0.193,0.059,96,8,100.0
tripura,esri,-0.238,0.0196,96,8,100.0
tripura,jordi,-0.251,0.0138,96,8,100.0
bihar,raw,0.48,0.0,314,37,99.4
bihar,esri,0.491,0.0,314,37,99.4
bihar,jordi,0.506,0.0,314,37,99.4
chhattisgarh,raw,0.177,0.0035,271,26,89.4
chhattisgarh,esri,0.59,0.0,271,26,89.4
chhattisgarh,jordi,0.604,0.0,271,26,89.4
gujarat,raw,0.043,0.502,247,25,100.0
gujarat,esri,0.068,0.2859,247,25,100.0
gujarat,jordi,0.176,0.0055,247,25,100.0
himachal_pradesh,raw,0.016,0.858,131,11,100.0
himachal_pradesh,esri,-0.062,0.4803,131,11,100.0
himachal_pradesh,jordi,0.165,0.0595,131,11,100.0
kerala,raw,-0.277,0.0005,156,13,100.0
kerala,esri,-0.295,0.0002,156,13,100.0
kerala,jordi,0.026,0.7483,156,13,100.0
meghalaya,raw,-0.355,0.0001,113,11,100.0
meghalaya,esri,-0.044,0.6468,113,11,100.0
meghalaya,jordi,-0.076,0.4253,113,11,100.0
mizoram,raw,-0.22,0.0313,96,8,86.5
mizoram,esri,0.129,0.2107,96,8,86.5
mizoram,jordi,0.286,0.0047,96,8,86.5
nagaland,raw,-0.294,0.0006,132,11,89.2
nagaland,esri,0.1,0.2551,132,11,89.2
nagaland,jordi,0.112,0.2003,132,11,89.2
rajasthan,raw,-0.234,0.0002,243,23,98.8
rajasthan,esri,-0.206,0.0012,243,23,98.8
rajasthan,jordi,0.542,0.0,243,23,98.8
uttarakhand,raw,0.108,0.1796,156,13,100.0
uttarakhand,esri,-0.085,0.2906,156,13,100.0
uttarakhand,jordi,0.648,0.0,156,13,100.0
goa,raw,0.244,0.2512,24,2,100.0
goa,esri,-0.013,0.9529,24,2,100.0
puducherry,raw,0.391,0.0183,36,3,100.0
puducherry,esri,0.391,0.0183,36,3,100.0
puducherry,jordi,0.548,0.0005,36,3,100.0
chandigarh,raw,-0.103,0.7504,12,1,100.0
chandigarh,esri,-0.326,0.3007,12,1,100.0
chandigarh,jordi,-0.185,0.5658,12,1,100.0
andaman_nicobar,raw,0.379,0.0391,30,3,100.0
andaman_nicobar,esri,0.266,0.1547,30,3,100.0
dadra_nagar_haveli,raw,0.576,0.0078,20,2,100.0
dadra_nagar_haveli,esri,0.485,0.0301,20,2,100.0
