region_key,label,model,crop,esri,none,raw,gain_raw_vs_none,gain_esri_vs_none,gain_crop_vs_none,gain_crop_vs_raw
andhra_pradesh,Andhra Pradesh,GBR,-0.9287800347664587,-1.2048627637745148,-1.3646388544207957,-1.2806691549946418,0.08396969942615384,0.15977609064628084,0.43585881965433704,0.3518891202281832
andhra_pradesh,Andhra Pradesh,RF,-0.5529901635176875,-0.5392448142297765,-0.7356984195391781,-0.5933538553617853,0.14234456417739283,0.1964536053094016,0.18270825602149066,0.040363691844097827
andhra_pradesh,Andhra Pradesh,Ridge,-0.8643549075313839,-0.5204097402126556,-1.0490815053557208,-0.8226722719207671,0.22640923343495367,0.5286717651430651,0.18472659782433687,-0.0416826356106168
assam,Assam,GBR,-0.4099458489852911,-0.4006616779275644,-0.5480977678241394,-0.40283018703260604,0.1452675807915334,0.14743608989657503,0.13815191883884836,-0.007115661952685037
assam,Assam,RF,-0.2469184607618165,-0.2558720432396689,-0.24833942731798017,-0.23260388871032145,0.015735538607658722,-0.007532615921688718,0.0014209665561636664,-0.014314572051495056
assam,Assam,Ridge,-0.5030596557370429,-0.5103449834965378,-0.47764184124269843,-0.4800352125224755,-0.002393371279777068,-0.03270314225383936,-0.025417814494344493,-0.023024443214567425
bihar,Bihar,GBR,-0.5607235372944455,-0.5254673166108655,-0.7227063328057489,-0.5598468586709285,0.16285947413482038,0.19723901619488338,0.16198279551130346,-0.0008766786235169244
bihar,Bihar,RF,-0.41170475616341595,-0.4334379303127769,-0.5284504422976267,-0.40039941681881663,0.1280510254788101,0.09501251198484983,0.11674568613421077,-0.011305339344599319
bihar,Bihar,Ridge,-1.2595593445807756,-1.2176888321302775,-1.5266659915052403,-1.186392659762376,0.34027333174286434,0.30897715937496284,0.26710664692446473,-0.07316668481839961
chhattisgarh,Chhattisgarh,GBR,-0.0975735244479634,-0.08378041806055833,-0.05578869152799927,-0.03535602529155749,0.020432666236441778,-0.02799172653255906,-0.04178483291996413,-0.062217499156405905
chhattisgarh,Chhattisgarh,RF,-0.13601710734183453,-0.16961871511734863,-0.24706317924896987,-0.2728034186728154,-0.025740239423845512,0.07744446413162123,0.11104607190713534,0.13678631133098085
chhattisgarh,Chhattisgarh,Ridge,0.03943781402810703,0.05882620074102853,0.11007773886245739,0.05948408111131529,-0.0505936577511421,-0.05125153812142886,-0.07063992483435036,-0.02004626708320826
gujarat,Gujarat,GBR,0.40552653631959595,0.4721935647936972,0.40754172124012183,0.46004973934816074,0.0525080181080389,0.06465184355357534,-0.002015184920525881,-0.05452320302856478
gujarat,Gujarat,RF,0.4585752487072244,0.46067342050915533,0.45224772469410285,0.45525776102762633,0.0030100363335234803,0.00842569581505248,0.006327524013121533,0.0033174876795980524
gujarat,Gujarat,Ridge,-0.09061208303120877,-6.21003914861592,-0.1392020646860889,-4.694080366853157,-4.554878302167069,-6.070837083929831,0.04858998165488013,4.6034682838219485
haryana,Haryana,GBR,0.5884264480097529,0.6108662372283841,0.43512194406376015,0.5901182682655007,0.1549963242017406,0.17574429316462392,0.1533045039459927,-0.0016918202557478779
haryana,Haryana,RF,0.5207537832647339,0.5452877812301886,0.44195884486299275,0.5673829500371581,0.12542410517416536,0.10332893636719587,0.07879493840174112,-0.046629166772424235
haryana,Haryana,Ridge,-0.041147243564151274,0.1758941453150534,-0.12294694066432355,0.22869747008542093,0.3516444107497445,0.298841085979377,0.08179969710017226,-0.2698447136495722
himachal_pradesh,Himachal Pradesh,GBR,0.07409942506648749,0.09259868225253541,0.013081023877012387,0.1292022755048077,0.11612125162779531,0.07951765837552302,0.0610184011894751,-0.05510285043832021
himachal_pradesh,Himachal Pradesh,RF,-0.696296140764335,-0.6958420153036505,-0.4063647566971941,-0.6368804327809204,-0.23051567608372636,-0.28947725860645646,-0.2899313840671409,-0.059415707983414556
himachal_pradesh,Himachal Pradesh,Ridge,-0.29031867662804045,-0.4660691316447586,-0.4374560216524705,-0.43139648294062416,0.006059538711846335,-0.02861310999228811,0.14713734502443004,0.1410778063125837
jharkhand,Jharkhand,GBR,-15.24247112517612,-14.837187675512354,-18.496030177000872,-16.868132313100137,1.6278978639007349,3.658842501488518,3.2535590518247517,1.6256611879240168
jharkhand,Jharkhand,RF,-11.978881903771397,-12.041438909867997,-13.847287480442638,-13.774883866567308,0.07240361387533056,1.805848570574641,1.8684055766712415,1.796001962795911
jharkhand,Jharkhand,Ridge,-10.971427356929206,-11.190637913662307,-14.23837508880486,-11.8027072570544,2.435667831750459,3.0477371751425526,3.2669477318756535,0.8312799001251943
karnataka,Karnataka,GBR,0.49889683501980114,0.5042860630263918,0.43569605749981616,0.45967307547646724,0.023977017976651083,0.06859000552657563,0.06320077751998499,0.0392237595433339
karnataka,Karnataka,RF,0.5862603497215475,0.5453499499432811,0.5200706561088525,0.5423409657850154,0.022270309676162947,0.025279293834428618,0.066189693612695,0.04391938393653205
karnataka,Karnataka,Ridge,0.27727499624593577,0.2523354843727139,0.18507217700490736,0.20724717087890002,0.02217499387399266,0.06726330736780656,0.09220281924102841,0.07002782536703575
kerala,Kerala,GBR,0.3302022414212194,0.3480984351171003,0.3283175665306002,0.32348525950115736,-0.004832307029442817,0.019780868586500133,0.0018846748906192201,0.006716981920062037
kerala,Kerala,RF,0.3070698046170103,0.303928833847311,0.2978401189274793,0.30202144169728373,0.00418132276980443,0.006088714919831706,0.009229685689530975,0.005048362919726546
kerala,Kerala,Ridge,-0.21522090045161874,-0.4020391666309098,-0.3421752448289832,-0.16651392925197106,0.17566131557701214,-0.05986392180192662,0.12695434437736447,-0.048706971199647675
maharashtra,Maharashtra,GBR,0.44266284796037975,0.4469850709580516,0.44667399448227224,0.43725308518614026,-0.009420909296131985,0.0003110764757793816,-0.004011146521892495,0.0054097627742394905
maharashtra,Maharashtra,RF,0.49042714938515725,0.4858894178339288,0.4775132096808848,0.49144229086729313,0.013929081186408343,0.008376208153044018,0.012913939704272459,-0.001015141482135884
maharashtra,Maharashtra,Ridge,0.4145969149055046,0.4216157413007664,0.422115896396742,0.4141470110278538,-0.007968885368888234,-0.0005001550959756185,-0.00751898149123742,0.00044990387765081463
manipur,Manipur,GBR,0.27357773004344715,0.2435458245352849,0.2205270659192557,0.07571755272856633,-0.14480951319068935,0.0230187586160292,0.05305066412419146,0.19786017731488081
manipur,Manipur,RF,0.3188745810710947,0.2555062451943853,0.29084162136864267,0.3498036487873859,0.058962027418743235,-0.03533537617425736,0.02803295970245201,-0.030929067716291225
manipur,Manipur,Ridge,-2.4798413436322635,-0.6098808642566422,-2.3489627313668544,-0.3679787102531792,1.980984021113675,1.7390818671102122,-0.1308786122654091,-2.111862633379084
meghalaya,Meghalaya,GBR,0.31729180988307376,0.1937283292042752,0.42450240399622097,0.4781931282310629,0.05369072423484195,-0.23077407479194575,-0.1072105941131472,-0.16090131834798915
meghalaya,Meghalaya,RF,0.5082152172664307,0.507698481286668,0.5161235204027882,0.5303317569034512,0.014208236500663052,-0.008425039116120248,-0.007908303136357486,-0.022116539637020538
meghalaya,Meghalaya,Ridge,-1.1046937056120556,-1.215947065082495,-1.2874077424257642,-1.322370598560148,-0.03496285613438377,0.07146067734326911,0.18271403681370857,0.21767689294809234
mizoram,Mizoram,GBR,0.16696224055688305,0.18169091409156007,0.2620311147403462,0.1847353354659064,-0.07729577927443979,-0.08034020064878611,-0.09506887418346313,-0.017773094909023346
mizoram,Mizoram,RF,0.4528067877608395,0.4265638047352321,0.45640419571182367,0.45765298570647595,0.0012487899946522774,-0.02984039097659158,-0.003597407950984177,-0.0048461979456364546
mizoram,Mizoram,Ridge,-0.22401982095402453,-0.1804364500169699,-0.181183704540378,-0.1965554555432595,-0.015371751002881517,0.0007472545234080974,-0.04283611641364654,-0.027464365410765024
mp,Madhya Pradesh,GBR,0.3760221518902977,0.21157498399615102,0.21400702665720273,0.25237630708569314,0.038369280428490415,-0.0024320426610517087,0.16201512523309497,0.12364584480460455
mp,Madhya Pradesh,RF,0.34623857897599086,0.21972915203226362,0.1964019931913163,0.24945816015385197,0.05305616696253568,0.023327158840947326,0.14983658578467457,0.09678041882213889
mp,Madhya Pradesh,Ridge,0.15263091222655698,-0.12993930470139292,-0.1497931977668031,-0.14984690326246597,-5.370549566285909e-05,0.01985389306541019,0.3024241099933601,0.30247781548902297
nagaland,Nagaland,GBR,-1.8718289678143527,-1.8822532473751084,-1.8497276835044856,-1.5809844059750482,0.2687432775294374,-0.032525563870622776,-0.02210128430986713,-0.2908445618393045
nagaland,Nagaland,RF,-1.9216113697146269,-1.9720261047390986,-2.136320509125145,-1.7558503817927724,0.38047012733237273,0.1642944043860466,0.21470913941051828,-0.16576098792185445
nagaland,Nagaland,Ridge,-3.4924966982611196,-3.9576019990160827,-3.880133455521381,-2.3689954328433576,1.5111380226780233,-0.07746854349470178,0.38763675726026126,-1.123501265417762
odisha,Odisha,GBR,-1.3048220067537808,-1.0729448472327763,-1.5530627911448043,-1.3668578486006655,0.18620494254413877,0.480117943912028,0.24824078439102348,0.06203584184688471
odisha,Odisha,RF,-1.0994633111495153,-1.0440008004715946,-1.253189841444043,-1.2313292367650306,0.021860604679012408,0.2091890409724484,0.15372653029452765,0.13186592561551524
odisha,Odisha,Ridge,-1.0664405335918314,-1.042840324880126,-1.6530919595111138,-1.2366688493409455,0.4164231101701683,0.6102516346309879,0.5866514259192823,0.170228315749114
punjab,Punjab,GBR,0.46289079915974435,0.45596140497242355,0.2609876549264621,0.5454102345284969,0.2844225796020348,0.19497375004596146,0.20190314423328226,-0.08251943536875256
punjab,Punjab,RF,0.36752560561743003,0.40350749317856244,0.15699983135359027,0.39763436609289826,0.240634534739308,0.24650766182497216,0.21052577426383975,-0.030108760475468233
punjab,Punjab,Ridge,0.4129194275627104,0.4522172803532698,0.09218302240585513,0.3917632747841164,0.29958025237826125,0.36003425794741467,0.32073640515685525,0.021156152778594006
rajasthan,Rajasthan,GBR,0.5610564268644971,0.5677527969627438,0.54794147938586,0.5764863522409411,0.028544872855081116,0.019811317576883813,0.013114947478637062,-0.015429925376444054
rajasthan,Rajasthan,RF,0.6041176363018483,0.5805065123978025,0.5724042020668473,0.5861489815282647,0.013744779461417389,0.00810231033095521,0.03171343423500106,0.01796865477358367
rajasthan,Rajasthan,Ridge,-0.02886772626048074,-0.5754745925292127,-0.5189023079639026,-0.5468275486397658,-0.027925240675863217,-0.05657228456531016,0.49003458170342185,0.5179598223792851
tamil_nadu,Tamil Nadu,GBR,-1.606930510997683,-1.4318177276132062,-1.6324024736323486,-1.4483390460774996,0.18406342755484895,0.20058474601914233,0.025471962634665557,-0.1585914649201834
tamil_nadu,Tamil Nadu,RF,-1.4277513575923009,-1.3264923827636845,-1.37428974708708,-1.3680215281198744,0.006268218967205641,0.04779736432339554,-0.0534616105052208,-0.05972982947242644
tamil_nadu,Tamil Nadu,Ridge,-2.1867732833440443,-2.1353797477328627,-2.1135256184549513,-1.8341309363817877,0.27939468207316365,-0.021854129277911305,-0.07324766488909296,-0.3526423469622566
telangana,Telangana,GBR,-0.5302817225803476,-0.5294896872405054,-0.5124457699566888,-0.5369240648976932,-0.024478294941004397,-0.0170439172838166,-0.01783595262365878,0.0066423423173456175
telangana,Telangana,RF,-0.45683058818824357,-0.5984808297729659,-0.5765069055664181,-0.6412323099193965,-0.06472540435297836,-0.021973924206547757,0.11967631737817458,0.18440172173115293
telangana,Telangana,Ridge,-0.4236230065982633,-0.6995000354097439,-1.2434112190293234,-0.9733587463121158,0.27005247271720756,0.5439111836195795,0.81978821243106,0.5497357397138525
tripura,Tripura,GBR,-2.862336944414228,-3.007439553181513,-2.9343746028918556,-2.8785283931641232,0.055846209727732354,-0.0730649502896572,0.07203765847762744,0.016191448749895088
tripura,Tripura,RF,-3.103228385117806,-3.134621035837765,-3.1329212610584887,-3.138605169563229,-0.005683908504740209,-0.0016997747792761864,0.029692875940682484,0.03537678444542269
tripura,Tripura,Ridge,-27.085923711269036,-25.143065997058827,-28.79246823368263,-24.6520635292036,4.140404704479032,3.6494022366238035,1.7065445224135942,-2.4338601820654375
up,Uttar Pradesh,GBR,0.2513232802153223,0.23404744088865287,0.11936202198239482,0.20763605972601792,0.08827403774362311,0.11468541890625805,0.13196125823292748,0.043687220489304374
up,Uttar Pradesh,RF,0.09855497556334912,0.07011376174622087,-0.06769834037979071,0.02519570872713539,0.0928940491069261,0.13781210212601158,0.16625331594313983,0.07335926683621373
up,Uttar Pradesh,Ridge,-0.32928877790183675,-0.4791508804457914,-0.4143430490691296,-0.4560805259060261,-0.04173747683689649,-0.0648078313766618,0.08505427116729286,0.12679174800418935
uttarakhand,Uttarakhand,GBR,0.8692507051118151,0.8701301687074238,0.8686525242845413,0.8896282527711296,0.02097572848658824,0.0014776444228824515,0.0005981808272738087,-0.020377547659314432
uttarakhand,Uttarakhand,RF,0.8667264494829291,0.8530910631258108,0.8477312261313045,0.8602082975931178,0.012477071461813316,0.005359836994506373,0.018995223351624624,0.006518151889811308
uttarakhand,Uttarakhand,Ridge,0.7204132103583714,0.3943345414035991,0.39271597207169545,0.527248509928386,0.13453253785669056,0.0016185693319036298,0.3276972382866759,0.19316470042998535
wb,West Bengal,GBR,0.1275498640609892,0.1651467230760168,-0.02666619168049118,-0.015765213381546284,0.010900978298944895,0.19181291475650797,0.15421605574148037,0.1433150774425355
wb,West Bengal,RF,0.2206019485203571,0.24139119794259764,0.19850442995737577,0.2287627328670009,0.03025830290962514,0.04288676798522187,0.02209751856298134,-0.008160784346643801
wb,West Bengal,Ridge,0.17361070013162058,0.1706376348646932,-0.14290586340876396,0.1766154400740761,0.31952130348284,0.3135434982734572,0.31651656354038454,-0.003004739942455509
