region_key,condition,n_years,pooled_r,year_mean_r,within_year_r,yield_trend,yield_trend_p,gcvi_trend,gcvi_trend_p,label,gap,trend_dominated
punjab,crop,11,0.5706275150794657,0.787110331965795,0.5793070030314922,54.2153193930894,0.0011545659415594179,0.11794628015629072,0.0022831194371003096,Punjab,0.20780332893430287,False
mp,crop,11,0.49356050209826774,0.7492056543746013,0.4840263780976705,23.637174390693367,0.1683561044395189,0.06267596025920223,0.004817546154759779,Madhya Pradesh,0.2651792762769308,False
up,crop,11,0.21276077809952354,0.8761919888328912,0.14424767684917977,53.76685872408172,0.0033723403358054604,0.09041591143181259,1.55648847141819e-05,Uttar Pradesh,0.7319443119837115,True
wb,crop,10,0.23993071611068761,0.7235948369390339,0.1597301860553547,35.45376304791892,0.006884900293933269,0.1001473685481313,0.0009577746600876462,West Bengal,0.5638646508836792,True
telangana,crop,11,0.42854024715698763,0.5253755117551258,0.4083393071350683,53.19040342060153,0.041541361330174616,0.114707189344774,0.000835496138380731,Telangana,0.11703620462005748,False
maharashtra,crop,11,-0.2517930764458242,0.2650716045775646,-0.2784887423825451,54.33650919489615,0.0079735475228831,0.04428762852651338,0.2851805299530732,Maharashtra,-0.013417137804980495,False
karnataka,crop,11,0.2843815593595156,0.27941548889492906,0.28464298985247527,24.027149731585837,0.08551605336090418,0.08696590567719413,0.0006894522005525675,Karnataka,-0.005227500957546205,False
andhra_pradesh,crop,11,-0.01812214813224773,0.3467898796855725,-0.15657988539884796,37.522925881972164,0.15460487742578807,0.11770045511155494,0.004422608073638897,Andhra Pradesh,0.19020999428672455,False
tamil_nadu,crop,11,0.07949180873715836,-0.3211988321716278,0.2047692422633502,-77.2269352766669,0.10579302150994274,0.11845943383102434,1.2483315722106608e-05,Tamil Nadu,0.11642958990827762,False
odisha,crop,11,0.4019261827164717,0.8111457541766555,-0.020379100348151137,90.92051337018303,0.004210410641046967,0.10778462503826203,0.0014365917053807483,Odisha,0.7907666538285043,True
jharkhand,crop,11,0.5161046481918492,0.7879878461986176,0.08872021585283615,144.0009971967988,0.04614419753365988,0.0942580037882311,0.0007091978810754654,Jharkhand,0.6992676303457814,True
assam,crop,11,0.284787697669484,0.6613332168120091,0.19192789887107028,65.57747236271078,0.0026423039281438477,0.06436482799968832,2.597411585430262e-05,Assam,0.46940531794093876,True
manipur,crop,10,0.3352075092269743,0.4734899047802082,0.33388706078795327,34.40686628186629,0.3897935603986511,0.21962409272960304,0.0025218853154078853,Manipur,0.13960284399225492,False
haryana,crop,11,0.370042767868842,0.45945263864867425,0.36248832957244514,47.48719528484605,0.0022027736563120267,0.12262603206930728,0.0011099530022021656,Haryana,0.0969643090762291,False
tripura,crop,11,-0.1698041701028832,-0.3399737877702923,0.007111189493156811,16.462482468443202,0.7073792400820743,0.06393707644964851,0.00696166561750114,Tripura,0.3328625982771355,False
bihar,crop,11,0.5136845399622292,0.8857243243068473,0.25664613590107943,84.36412547068133,0.00619564899468836,0.11388405834026973,0.00045958145814526525,Bihar,0.6290781884057679,True
chhattisgarh,crop,10,0.5801590599868109,0.6848481854118461,0.5184105937309692,48.14728687978688,0.19645540036924677,0.09382135840542552,0.000492555953783921,Chhattisgarh,0.1664375916808769,False
gujarat,crop,11,0.16973667526752342,0.15278996868343458,0.17202833497089376,27.194123968271114,0.0030335481649688243,0.06936318140153938,0.5376530823638408,Gujarat,-0.019238366287459174,False
himachal_pradesh,crop,11,0.15916101149530254,0.301272106603795,0.16183118476594516,80.10668111691956,0.2517929181923254,0.04233698085491211,0.038270288714943534,Himachal Pradesh,0.13944092183784984,False
kerala,crop,11,0.0013999353713118126,-0.606622750308234,0.06702738110349007,-39.61560038839141,0.09379088371077995,0.07107202368126099,0.002006716617951768,Kerala,0.5395953692047439,False
meghalaya,crop,10,-0.06784871849578505,-0.5262104754907554,0.02062566652739618,-26.272533623182984,0.06517011786504971,0.09385665061293492,0.0018458811729199671,Meghalaya,0.5055848089633592,False
mizoram,crop,11,0.2825296810460158,0.46743271775523104,0.2703019199387449,14.229049789621318,0.004590504292307107,0.10929058102144078,0.09777531851569488,Mizoram,0.19713079781648613,False
nagaland,crop,11,0.09295438236683444,-0.361616584049424,0.2247741963608857,-55.19501466275662,0.0301588298192929,0.050701842865678,0.002326956180743195,Nagaland,0.1368423876885383,False
rajasthan,crop,11,0.5255828954664248,0.6665215194859336,0.5209204805852707,38.62406227541312,0.009600668194550728,0.09788806772160251,0.00016321211540408284,Rajasthan,0.1456010389006629,False
uttarakhand,crop,11,0.657148869193241,0.8439598342069491,0.6563477450983259,36.259197324414714,7.132903147678977e-05,0.049180721249355186,0.0009854305638134187,Uttarakhand,0.18761208910862315,False
goa,crop,11,,,,-29.905329593267883,0.11149755935311431,0.0,1.0,Goa,,False
puducherry,crop,11,0.5457734701657111,0.22789758236157803,0.6456120391493239,-36.9997662459093,0.3557907945466916,0.04456575575163515,0.1031198821555271,Puducherry,-0.4177144567877458,False
chandigarh,crop,11,-0.28647548809548623,-0.28647548809548623,,-64.42847124824685,0.1770761155133431,0.0018691911269371132,0.934673316865936,Chandigarh,,False
andaman_nicobar,crop,9,,,,-28.045019157088127,0.382580689102888,0.0,1.0,Andaman & Nicobar Islands,,False
dadra_nagar_haveli,crop,9,,,,19.552325581395348,0.27683018176830765,0.0,1.0,Dadra & Nagar Haveli,,False
