region_key,label,condition,model,r2_mean,r2_std,r2_median,r2_dm,r2_dm_median,rank_r,rmse_mean,n_folds,n_rows,n_districts
punjab,Punjab,none,Ridge,0.09218302240585513,0.5320937574531404,0.3527638730524807,0.5784102576765839,0.5636437878728504,0.7804245129335571,495.73105953431786,11,242,22
punjab,Punjab,none,RF,0.15699983135359027,0.3443732877195584,0.3521917072437013,0.4406435356596134,0.48042737946469705,0.7420280397198655,490.7586502270868,11,242,22
punjab,Punjab,none,GBR,0.2609876549264621,0.46701268323317713,0.4614265848943768,0.6359986590278717,0.6626924591794345,0.8275407800392146,444.3186320306435,11,242,22
punjab,Punjab,raw,Ridge,0.3917632747841164,0.3580927481302713,0.5699603837264371,0.6380294958948809,0.6263683631825134,0.808194624811718,408.96468534646846,11,242,22
punjab,Punjab,raw,RF,0.39763436609289826,0.22609140966063446,0.4508955919846731,0.5469413469250839,0.5534911007344688,0.8294469705208329,416.91161957644096,11,242,22
punjab,Punjab,raw,GBR,0.5454102345284969,0.19438244509717037,0.5479308419575946,0.6632226494370279,0.7202741071649909,0.8187409832253759,360.9949802669844,11,242,22
punjab,Punjab,esri,Ridge,0.4522172803532698,0.3153679334428816,0.4911011056340693,0.658359418624135,0.648372168734474,0.813994698944174,388.60920380199735,11,242,22
punjab,Punjab,esri,RF,0.40350749317856244,0.2176929152631987,0.4736753999493376,0.5555988888406397,0.5497670813630564,0.828368866624016,416.00046715087245,11,242,22
punjab,Punjab,esri,GBR,0.45596140497242355,0.22070644677074597,0.5500600308364867,0.6107803582249368,0.6658526131401882,0.7980015812257374,394.42914675078737,11,242,22
punjab,Punjab,crop,Ridge,0.4129194275627104,0.2983367868612446,0.48723294808296325,0.6264655588426709,0.6026963064032473,0.8061922827326835,405.0147761097018,11,242,22
punjab,Punjab,crop,RF,0.36752560561743003,0.23094822495251444,0.419064317072686,0.5227217337244914,0.5180421835740849,0.8140977110433326,428.71446545577874,11,242,22
punjab,Punjab,crop,GBR,0.46289079915974435,0.20622659875489724,0.45541439347611434,0.6318963728737399,0.6643833366580119,0.8132772968783125,392.9751997622668,11,242,22
mp,Madhya Pradesh,none,Ridge,-0.1497931977668031,0.7684559706229384,0.14508448903436066,0.24752561757211897,0.22792657977452935,0.5043311194300991,817.6463266668106,11,518,52
mp,Madhya Pradesh,none,RF,0.1964019931913163,0.1595091652578986,0.2853213428256247,0.2648025900381957,0.3025094226393882,0.554061115153201,738.2435876483255,11,518,52
mp,Madhya Pradesh,none,GBR,0.21400702665720273,0.26560960667573963,0.3228563435427777,0.31359799464382027,0.3407412231531748,0.5479164252725668,724.5871852648129,11,518,52
mp,Madhya Pradesh,raw,Ridge,-0.14984690326246597,0.7192769625899208,0.13679804608807133,0.23840365695393342,0.22833141938390955,0.49530074005947194,822.0225216772262,11,518,52
mp,Madhya Pradesh,raw,RF,0.24945816015385197,0.15796256194265473,0.3194133143331619,0.3040773445301021,0.3262188333549141,0.5775448173580112,716.874634403311,11,518,52
mp,Madhya Pradesh,raw,GBR,0.25237630708569314,0.22804533265873975,0.3698707326685714,0.3333452219965991,0.3979688581203451,0.5622331747366552,709.5030388811184,11,518,52
mp,Madhya Pradesh,esri,Ridge,-0.12993930470139292,0.6595333331234537,0.14120673000557482,0.23281192256497363,0.2301158133349025,0.49516659797535395,819.7267375653275,11,518,52
mp,Madhya Pradesh,esri,RF,0.21972915203226362,0.16615365968489126,0.29377769152919786,0.28108601746146994,0.3204990992550417,0.5632733980710327,729.3038644550193,11,518,52
mp,Madhya Pradesh,esri,GBR,0.21157498399615102,0.23985611108875113,0.29320799308972245,0.30902309042885734,0.3220863219831558,0.5553345989751667,727.0369137320502,11,518,52
mp,Madhya Pradesh,crop,Ridge,0.15263091222655698,0.4388720109823074,0.24282326339781324,0.2979284458801199,0.25828821572848226,0.5687073601653757,720.0587234775724,11,518,52
mp,Madhya Pradesh,crop,RF,0.34623857897599086,0.17822866804098117,0.3582106318995524,0.3952421669047444,0.46532399842063055,0.6639123864471783,667.8523010113819,11,518,52
mp,Madhya Pradesh,crop,GBR,0.3760221518902977,0.22851986488299214,0.4089920021315264,0.43407152918826336,0.49661432534912986,0.6686442497472099,643.3434647634759,11,518,52
up,Uttar Pradesh,none,Ridge,-0.4143430490691296,0.5916741726191139,-0.3250580147491966,0.13895949098006233,0.13254932732104308,0.20487558759516605,478.9466985300758,11,814,74
up,Uttar Pradesh,none,RF,-0.06769834037979071,0.38183801129447636,0.025635082724581593,0.27993735058425473,0.28785559848335485,0.23751663109634527,422.19546891869254,11,814,74
up,Uttar Pradesh,none,GBR,0.11936202198239482,0.30682162018292874,0.07581668470563507,0.39186868609014724,0.4453180438233513,0.48128046833118465,382.36401049584094,11,814,74
up,Uttar Pradesh,raw,Ridge,-0.4560805259060261,0.6724795608246765,-0.26204904145065533,0.1718493251155313,0.15537035351148487,0.26227843524859157,482.96209761349564,11,814,74
up,Uttar Pradesh,raw,RF,0.02519570872713539,0.34836133184873697,0.048898564053611815,0.3015193973751003,0.3111983803617383,0.3264019499171287,404.2120023687674,11,814,74
up,Uttar Pradesh,raw,GBR,0.20763605972601792,0.24546202531085548,0.22005758442003998,0.41616569291755284,0.42555394508000843,0.5250649860046983,363.87010826710275,11,814,74
up,Uttar Pradesh,esri,Ridge,-0.4791508804457914,0.6977497527656229,-0.17506285245726394,0.18261764397429053,0.16084918192778108,0.2779158369491943,485.2173725950175,11,814,74
up,Uttar Pradesh,esri,RF,0.07011376174622087,0.3154424978158638,0.07641343365575537,0.31685229484845095,0.33254012838894165,0.3659755715404319,395.2629443773556,11,814,74
up,Uttar Pradesh,esri,GBR,0.23404744088865287,0.19852217094347563,0.2224605022218844,0.4279081572726406,0.4193233182537561,0.5314375276290708,358.2771548017044,11,814,74
up,Uttar Pradesh,crop,Ridge,-0.32928877790183675,0.6125613992313473,-0.14065673519307498,0.19490828918993167,0.19298205437924898,0.2817208320117244,462.33637154407825,11,814,74
up,Uttar Pradesh,crop,RF,0.09855497556334912,0.3126835673656014,0.16133073352340033,0.33804727573165355,0.35854209836159623,0.41686521561796913,389.4744915124956,11,814,74
up,Uttar Pradesh,crop,GBR,0.2513232802153223,0.20324794489735737,0.26846911315702027,0.42973930558387247,0.4284583236878239,0.5540353488160684,355.10378815166086,11,814,74
wb,West Bengal,none,Ridge,-0.14290586340876396,0.5808841167082365,0.01639045108669318,0.11695859934009387,0.21318337074247146,0.42848203012146324,468.33358115945055,10,202,22
wb,West Bengal,none,RF,0.19850442995737577,0.342882283108935,0.2557075720770427,0.2941231245444761,0.3018195152862426,0.5195259196725793,395.8313198387842,10,202,22
wb,West Bengal,none,GBR,-0.02666619168049118,0.6607173783608706,0.2147136077675193,0.11984536764742681,0.25582753954680126,0.5128244236840507,436.9096379741678,10,202,22
wb,West Bengal,raw,Ridge,0.1766154400740761,0.25069102923126285,0.1559039040838041,0.24688783887805985,0.2709234915863795,0.4864151626220532,406.22286886255824,10,202,22
wb,West Bengal,raw,RF,0.2287627328670009,0.2758814939223032,0.25238195457696067,0.31305681266070695,0.30101669370902917,0.5720879185631222,392.3028365210413,10,202,22
wb,West Bengal,raw,GBR,-0.015765213381546284,0.6162687091800337,0.23218796069414316,0.12428147497367854,0.2481833924638951,0.5064194144218476,436.891666005895,10,202,22
wb,West Bengal,esri,Ridge,0.1706376348646932,0.25231486033184175,0.1659191344551279,0.2417051219839002,0.2786561012034093,0.48317402147460264,407.59230001668686,10,202,22
wb,West Bengal,esri,RF,0.24139119794259764,0.26806937220989663,0.2691846125466652,0.31955770483173807,0.3130230118034694,0.5734999779830667,389.3091596181747,10,202,22
wb,West Bengal,esri,GBR,0.1651467230760168,0.3951583378680575,0.3015357767365547,0.23937850914979605,0.3454637709610755,0.5404400281484828,402.9562367107978,10,202,22
wb,West Bengal,crop,Ridge,0.17361070013162058,0.2510420439035982,0.1675290598143374,0.2434493357885727,0.2790176771140212,0.4753974319765075,407.001539532434,10,202,22
wb,West Bengal,crop,RF,0.2206019485203571,0.2813674369506016,0.2410250842876867,0.29539426042009687,0.2838001374107426,0.5633743040648841,394.6489878943979,10,202,22
wb,West Bengal,crop,GBR,0.1275498640609892,0.4149118823720437,0.20325669264756752,0.19500945761042907,0.24631206347991935,0.5273597556770067,414.37960763915464,10,202,22
telangana,Telangana,none,Ridge,-1.2434112190293234,1.0324475584478996,-0.9941411891632623,0.07615563395870872,0.2208028681020735,0.46816185076268346,599.1100686175631,11,279,32
telangana,Telangana,none,RF,-0.5765069055664181,0.780344464913716,-0.21365277316132247,0.09526078344757921,0.10700846884863235,0.39735678764197024,495.50325160393135,11,279,32
telangana,Telangana,none,GBR,-0.5124457699566888,0.8659169414849034,-0.2813172653278373,0.09220166955948615,0.1875807585598881,0.4389503077843614,485.7330126027764,11,279,32
telangana,Telangana,raw,Ridge,-0.9733587463121158,1.0345658576984027,-0.484436044627383,0.055698192934323904,0.24697277634491188,0.4492568739567164,553.6759359013473,11,279,32
telangana,Telangana,raw,RF,-0.6412323099193965,0.7701353280093645,-0.26541238678454904,0.08497285166865645,0.10701411581847109,0.3337486602425834,509.5126814542062,11,279,32
telangana,Telangana,raw,GBR,-0.5369240648976932,0.8050182492670891,-0.27970296473530154,0.049985843283408736,0.17779208722563677,0.38246130291122493,492.30186154719155,11,279,32
telangana,Telangana,esri,Ridge,-0.6995000354097439,0.9297507925612644,-0.3527691418101422,0.04100562520879683,0.2827093226030586,0.4201648217759347,510.82862586502944,11,279,32
telangana,Telangana,esri,RF,-0.5984808297729659,0.708527293595209,-0.21358933831398974,0.09326684196533358,0.12639551079758626,0.3443364067153192,506.10983145830727,11,279,32
telangana,Telangana,esri,GBR,-0.5294896872405054,0.6873828727085084,-0.4190039730759332,0.03870402377988596,0.1127066743568238,0.34504307859690936,502.73215530771085,11,279,32
telangana,Telangana,crop,Ridge,-0.4236230065982633,0.825114920184643,-0.27756719177618483,0.09795036045599298,0.3697610379137505,0.46228247728038635,466.2405015300557,11,279,32
telangana,Telangana,crop,RF,-0.45683058818824357,0.7775088121714778,-0.04798006385021858,0.16476631021567079,0.22689464825570083,0.5347488782604629,476.947399641989,11,279,32
telangana,Telangana,crop,GBR,-0.5302817225803476,0.9124898498355596,-0.36054741603768536,0.12737349790577965,0.21148167927453143,0.4675143051776827,486.439285206231,11,279,32
maharashtra,Maharashtra,none,Ridge,0.422115896396742,0.46611346463281755,0.4729839798262623,0.6247885449300828,0.6905171123379351,0.7876405489241317,623.9059045411944,11,267,28
maharashtra,Maharashtra,none,RF,0.4775132096808848,0.23399306942030185,0.5479564426726593,0.6275432408355507,0.6947704030074598,0.8055059564861725,623.7290878156268,11,267,28
maharashtra,Maharashtra,none,GBR,0.44667399448227224,0.3064237578418007,0.5677220535473967,0.6556748456129117,0.6864321444785226,0.8149964822325078,636.5973541697875,11,267,28
maharashtra,Maharashtra,raw,Ridge,0.4141470110278538,0.46523119688281345,0.4731842684181997,0.6207723746680096,0.6916661501442145,0.783011827322683,628.7268204360803,11,267,28
maharashtra,Maharashtra,raw,RF,0.49144229086729313,0.21742656110296127,0.5279662018612807,0.64001050354651,0.688835335174215,0.8165485426219076,616.7416242574263,11,267,28
maharashtra,Maharashtra,raw,GBR,0.43725308518614026,0.3035990581484278,0.5329940009332381,0.6428444932815869,0.6717223124848123,0.8103813440019358,643.6158172185073,11,267,28
maharashtra,Maharashtra,esri,Ridge,0.4216157413007664,0.4553239366789723,0.47829988018024217,0.6204059543691969,0.6990366135706743,0.7838447603494827,625.6943336159874,11,267,28
maharashtra,Maharashtra,esri,RF,0.4858894178339288,0.2315962631855643,0.5270830455841895,0.6398784387641698,0.6989564546204656,0.8097183514352445,618.3869353994937,11,267,28
maharashtra,Maharashtra,esri,GBR,0.4469850709580516,0.3164625861367963,0.5765003141726066,0.6537517682693419,0.6993108926596618,0.8150669992129068,633.9630926513058,11,267,28
maharashtra,Maharashtra,crop,Ridge,0.4145969149055046,0.46579371316410084,0.47045739328811953,0.6199771369607592,0.6894322064786623,0.7845929869977796,630.0635078059231,11,267,28
maharashtra,Maharashtra,crop,RF,0.49042714938515725,0.22681214287661097,0.5393440174824832,0.6414636544202974,0.6947907190616297,0.8123456894672632,616.1857964381147,11,267,28
maharashtra,Maharashtra,crop,GBR,0.44266284796037975,0.31324455884710034,0.5691434265041937,0.6528443204132998,0.7020473114359181,0.8104189103214307,638.2320981398236,11,267,28
karnataka,Karnataka,none,Ridge,0.18507217700490736,0.22502815884068314,0.22905826140835106,0.3217462148929596,0.2989709725568812,0.49374341137000394,653.6678486002286,11,318,29
karnataka,Karnataka,none,RF,0.5200706561088525,0.14687660192980856,0.5380206045829943,0.5884767375094436,0.6084435952287024,0.7612352822384227,506.4047346038753,11,318,29
karnataka,Karnataka,none,GBR,0.43569605749981616,0.19296501011677433,0.43859405640329363,0.5508849558841843,0.5899150295264304,0.7148744589236103,546.4190269450802,11,318,29
karnataka,Karnataka,raw,Ridge,0.20724717087890002,0.22040378084284123,0.22416816062218425,0.3205350059887866,0.31813421124049857,0.48753577727937286,644.6622108652997,11,318,29
karnataka,Karnataka,raw,RF,0.5423409657850154,0.12472400897474223,0.579035619822799,0.6053905035259973,0.6417482932297529,0.7577287054994628,494.3877779659308,11,318,29
karnataka,Karnataka,raw,GBR,0.45967307547646724,0.18800395707109002,0.470238075782236,0.5684650040414537,0.6390451261136794,0.7215981295301163,536.1173657598724,11,318,29
karnataka,Karnataka,esri,Ridge,0.2523354843727139,0.21038597570943166,0.24996105343746167,0.33238151790580484,0.3815642565312455,0.49548772030213306,625.9477607290617,11,318,29
karnataka,Karnataka,esri,RF,0.5453499499432811,0.1303434543382748,0.5903004597392001,0.6101796067669919,0.6229607655185158,0.7658199231541952,492.3326153760485,11,318,29
karnataka,Karnataka,esri,GBR,0.5042860630263918,0.15189648485715188,0.4529561360115796,0.5946088423914611,0.6427255573290532,0.7368546545904722,511.76274564644814,11,318,29
karnataka,Karnataka,crop,Ridge,0.27727499624593577,0.19434199211265427,0.2900207242998234,0.40547325698072123,0.4199770920895475,0.6115049753354471,615.5794310850217,11,318,29
karnataka,Karnataka,crop,RF,0.5862603497215475,0.09712293812538972,0.5804039736630213,0.6522819604018256,0.6689326566044137,0.7933125980309881,471.5762446011913,11,318,29
karnataka,Karnataka,crop,GBR,0.49889683501980114,0.1725327723231471,0.5335131877925211,0.5936212624585679,0.6455074322727499,0.7412940042727828,517.8167244178732,11,318,29
andhra_pradesh,Andhra Pradesh,none,Ridge,-1.0490815053557208,2.015450039961288,-0.5135975084489781,0.0172759703316316,0.4211991785025706,0.5149850149850148,644.3172436804002,11,143,13
andhra_pradesh,Andhra Pradesh,none,RF,-0.7356984195391781,2.7166493598763015,0.18679043372368687,-0.025994360156513754,0.42944941603992304,0.5789210789210789,526.6362642305475,11,143,13
andhra_pradesh,Andhra Pradesh,none,GBR,-1.3646388544207957,4.256674613050301,-0.04034159041824603,-0.4756638936148556,0.25059296342339366,0.512987012987013,575.270248817578,11,143,13
andhra_pradesh,Andhra Pradesh,raw,Ridge,-0.8226722719207671,1.8375510591955497,-0.533547191775027,-0.09855440897531005,0.44091336799907477,0.5104895104895104,619.6387344349253,11,143,13
andhra_pradesh,Andhra Pradesh,raw,RF,-0.5933538553617853,2.189893704654535,0.1933062682325264,0.08201842351368249,0.4268701842656125,0.5784215784215785,528.4293949488595,11,143,13
andhra_pradesh,Andhra Pradesh,raw,GBR,-1.2806691549946418,3.958666132939444,0.05896756809020487,-0.37634139122296484,0.26476428866371204,0.5204795204795204,574.0354272364403,11,143,13
andhra_pradesh,Andhra Pradesh,esri,Ridge,-0.5204097402126556,1.5847385314523703,-0.26456425266227734,0.06358342238697944,0.3662644488798701,0.5944055944055944,567.2918153897767,11,143,13
andhra_pradesh,Andhra Pradesh,esri,RF,-0.5392448142297765,2.0906593409065666,0.16599439173768082,0.0779806023699519,0.39428186627966044,0.5969030969030968,522.4798866754296,11,143,13
andhra_pradesh,Andhra Pradesh,esri,GBR,-1.2048627637745148,3.925071572838783,0.12044379707626107,-0.43465472997637933,0.2980098325301891,0.5304695304695305,560.506614274161,11,143,13
andhra_pradesh,Andhra Pradesh,crop,Ridge,-0.8643549075313839,1.876041627858669,-0.3546836340359394,-0.06792586167579694,0.442585538669769,0.4980019980019979,623.623823702323,11,143,13
andhra_pradesh,Andhra Pradesh,crop,RF,-0.5529901635176875,2.1605980149701027,0.22675746816517728,0.05779701663991268,0.4700081136140257,0.573926073926074,518.8510439754423,11,143,13
andhra_pradesh,Andhra Pradesh,crop,GBR,-0.9287800347664587,3.1598047114453776,0.28252906904638275,-0.18591321920155737,0.39902436070247616,0.5650196328504397,537.7029815945555,11,143,13
tamil_nadu,Tamil Nadu,none,Ridge,-2.1135256184549513,2.9672335302662622,-0.9003216508948786,-0.4198510791377963,-0.0051834620204720405,0.3217966772155484,882.0823051891006,11,347,37
tamil_nadu,Tamil Nadu,none,RF,-1.37428974708708,2.6333569549120384,-0.36166811696123213,0.041692507044047394,0.10377376629381507,0.32929880548967305,771.8166016068391,11,347,37
tamil_nadu,Tamil Nadu,none,GBR,-1.6324024736323486,2.9387569403319818,-0.36777665940223514,-0.1427122387967415,0.0887761551637376,0.3254475016719108,798.6657302803246,11,347,37
tamil_nadu,Tamil Nadu,raw,Ridge,-1.8341309363817877,2.618296583075652,-0.920218254405814,-0.4528769570906453,-0.22982258684660284,0.3324799694069123,861.4857535339473,11,347,37
tamil_nadu,Tamil Nadu,raw,RF,-1.3680215281198744,2.638209396855753,-0.2759232484526841,0.04487419457634665,0.11415559552850374,0.32951953472728324,770.5096069867064,11,347,37
tamil_nadu,Tamil Nadu,raw,GBR,-1.4483390460774996,2.608616679471603,-0.5717330656419097,-0.12319480861687947,0.07529836124767653,0.30533506518431414,798.7648889600044,11,347,37
tamil_nadu,Tamil Nadu,esri,Ridge,-2.1353797477328627,2.874624807001194,-0.915528310735269,-0.46298441132929524,-0.1567752952419308,0.32637955115316836,894.5497475568096,11,347,37
tamil_nadu,Tamil Nadu,esri,RF,-1.3264923827636845,2.6092686565596916,-0.2770361722183343,0.05760291209560562,0.12580769959033422,0.3409132049146895,764.8824435496595,11,347,37
tamil_nadu,Tamil Nadu,esri,GBR,-1.4318177276132062,2.5574252821363737,-0.5837300629577977,-0.10039097534598097,0.018971019643676312,0.33411821245541967,785.5580888871201,11,347,37
tamil_nadu,Tamil Nadu,crop,Ridge,-2.1867732833440443,3.1400864180794477,-0.9769178410327493,-0.4474095084865373,0.009464287420899775,0.3081231516085248,888.9364691184645,11,347,37
tamil_nadu,Tamil Nadu,crop,RF,-1.4277513575923009,2.7240219901805776,-0.3245714022056245,0.033295762001622944,0.08652298726266683,0.31482687986490343,779.2213204265116,11,347,37
tamil_nadu,Tamil Nadu,crop,GBR,-1.606930510997683,2.9048470432509963,-0.43713615406875816,-0.08240421232355415,-0.03642055121148857,0.3152142242055393,807.9938108062751,11,347,37
odisha,Odisha,none,Ridge,-1.6530919595111138,2.0796515365100183,-0.9223549887062858,-0.240611814727293,-0.1401796102795685,0.047754618166322316,648.795415926848,11,287,30
odisha,Odisha,none,RF,-1.253189841444043,1.565667657244577,-0.44994384454063163,-0.10734513769817416,-0.010499736298991813,0.10707709865985468,607.2431919680834,11,287,30
odisha,Odisha,none,GBR,-1.5530627911448043,2.111586326791881,-0.4984968452130054,-0.3040565339681251,-0.1397679750119467,0.11499754755946542,631.016083115277,11,287,30
odisha,Odisha,raw,Ridge,-1.2366688493409455,1.5228806704567597,-0.6285425058600749,-0.19995903941163745,-0.10048575934061965,0.02028616585498142,613.9262608719331,11,287,30
odisha,Odisha,raw,RF,-1.2313292367650306,1.5925346676071073,-0.38729449570092567,-0.08506215873972553,0.012953279395787942,0.11984057046324806,604.6288135004993,11,287,30
odisha,Odisha,raw,GBR,-1.3668578486006655,1.7952193046625478,-0.547077356171868,-0.2809956387333617,-0.03279609375013792,0.07559922356128654,615.804822473383,11,287,30
odisha,Odisha,esri,Ridge,-1.042840324880126,1.2370439171686933,-0.46810973507959575,-0.1839120140631043,-0.2204332688583599,0.06066167730871857,593.0487449087859,11,287,30
odisha,Odisha,esri,RF,-1.0440008004715946,1.341724462438247,-0.387817568435632,-0.028232864718820614,0.02828871579975667,0.1333974553944976,587.8071799170818,11,287,30
odisha,Odisha,esri,GBR,-1.0729448472327763,1.3518029763728834,-0.46064999892974856,-0.058304152018020965,-0.015756704399403132,0.23584321778308678,590.4532543060417,11,287,30
odisha,Odisha,crop,Ridge,-1.0664405335918314,1.2741322999537337,-0.5169718473432654,-0.18304868010546632,-0.13851537957870463,0.04608429629883806,596.1923616056104,11,287,30
odisha,Odisha,crop,RF,-1.0994633111495153,1.3588419733917485,-0.46251904082166906,-0.06589027780543612,-0.01258014538087271,0.09206404769357768,595.3888039240702,11,287,30
odisha,Odisha,crop,GBR,-1.3048220067537808,1.6499638063925015,-0.5714619586602265,-0.22378702076172227,-0.18781951714697143,0.11056496096426459,614.7533273792043,11,287,30
jharkhand,Jharkhand,none,Ridge,-14.23837508880486,16.18129107180172,-6.004427017239203,-1.4391735077149794,-0.7966103227190731,0.07380039922397115,1175.2419903542393,11,256,24
jharkhand,Jharkhand,none,RF,-13.847287480442638,20.754755325878957,-4.635809916910971,-0.14285850818507956,-0.14607668168821308,0.15369339699152507,1068.65668197337,11,256,24
jharkhand,Jharkhand,none,GBR,-18.496030177000872,29.085656862449905,-4.74259445290239,-0.48903262212960424,-0.3960875378411197,0.14305836287646187,1193.4356957637845,11,256,24
jharkhand,Jharkhand,raw,Ridge,-11.8027072570544,13.002048088795789,-4.991864524130868,-1.5106502083909645,-0.9920226413840654,0.0822426373962299,1134.6318729130433,11,256,24
jharkhand,Jharkhand,raw,RF,-13.774883866567308,20.892014780339863,-4.39639129515181,-0.10044749948080992,-0.10193410636572464,0.14750462548674634,1060.351305648777,11,256,24
jharkhand,Jharkhand,raw,GBR,-16.868132313100137,26.003314723710275,-4.451713927069471,-0.5826568539749899,-0.3798888672587917,0.10811656934190748,1172.3742123006264,11,256,24
jharkhand,Jharkhand,esri,Ridge,-11.190637913662307,12.29812764821134,-7.23353365471133,-1.3543346053386895,-0.9018116425945595,0.09191658708713325,1133.1904036405538,11,256,24
jharkhand,Jharkhand,esri,RF,-12.041438909867997,17.04577831707603,-3.757850653939924,-0.15661460554939013,-0.128436175167719,0.09774809556117368,1030.5611040151357,11,256,24
jharkhand,Jharkhand,esri,GBR,-14.837187675512354,22.168165691649058,-4.7813606940902185,-0.6117498888857845,-0.5893982342746775,0.13478384523161557,1141.8839628164167,11,256,24
jharkhand,Jharkhand,crop,Ridge,-10.971427356929206,12.554034657206635,-7.4344653710882564,-1.3166788961942388,-0.8185903087026025,0.11005801499211362,1120.9075299587455,11,256,24
jharkhand,Jharkhand,crop,RF,-11.978881903771397,16.871183133266943,-3.860746717316748,-0.1127750092635417,-0.05839835618369871,0.12192841243921607,1026.3954482749784,11,256,24
jharkhand,Jharkhand,crop,GBR,-15.24247112517612,21.320428320734376,-4.284757980825297,-0.5715766230021151,-0.24586715901382972,0.12669798390399842,1137.4385722577656,11,256,24
assam,Assam,none,Ridge,-0.47764184124269843,0.7009377126954028,-0.3227426427353077,0.09598249463106004,0.14388702421641153,0.3124560808951819,473.843626224945,11,320,33
assam,Assam,none,RF,-0.24833942731798017,0.5485036219749387,0.0842236169520828,0.07632259576921473,0.17764069079778744,0.34219750494939166,434.4090468849836,11,320,33
assam,Assam,none,GBR,-0.5480977678241394,0.8843404803475098,-0.08191256982410233,-0.0166251592306383,0.0970000011771478,0.33763464660735254,474.24940529540805,11,320,33
assam,Assam,raw,Ridge,-0.4800352125224755,0.6973111729413186,-0.39747663330341987,0.09163572982464055,0.1529526432246423,0.3145246300818128,474.32286393960527,11,320,33
assam,Assam,raw,RF,-0.23260388871032145,0.5568728363281066,0.1076564843576685,0.09420049218246708,0.16430953225625988,0.3681912510878801,432.4427346850076,11,320,33
assam,Assam,raw,GBR,-0.40283018703260604,0.6783433314327686,-0.10528283231279212,0.004702454150969906,0.05125656323336891,0.35897793064807487,458.7648171338633,11,320,33
assam,Assam,esri,Ridge,-0.5103449834965378,0.742473360712033,-0.34821031911669786,0.09242432379727622,0.13171292511755694,0.31044760531165877,478.1314307738472,11,320,33
assam,Assam,esri,RF,-0.2558720432396689,0.5546597785743685,0.11915696385878694,0.07556470898741838,0.17113817167871492,0.3421654025183109,436.6609216783809,11,320,33
assam,Assam,esri,GBR,-0.4006616779275644,0.7143920699578705,-0.02948437010517524,0.029656094746034336,0.1631506526040405,0.36176252808128156,457.2690938017495,11,320,33
assam,Assam,crop,Ridge,-0.5030596557370429,0.7353001661249949,-0.3377251583133538,0.09070456015786313,0.14336288329414926,0.30952687944620466,477.1678855988544,11,320,33
assam,Assam,crop,RF,-0.2469184607618165,0.5507792593841646,0.11249122868984929,0.0901161327186251,0.16559771810222268,0.3586787373442404,435.58312290771624,11,320,33
assam,Assam,crop,GBR,-0.4099458489852911,0.7476281947633562,-0.10519198773032779,0.046116105497855144,0.11405323189660443,0.38256217484748584,456.64345214258265,11,320,33
manipur,Manipur,none,Ridge,-2.3489627313668544,5.610459266078174,0.0030106639291012094,0.2662706268525832,0.7402423627497092,0.655,872.5156149280763,10,85,9
manipur,Manipur,none,RF,0.29084162136864267,0.6074153861141823,0.48227406722227134,0.5195967404531293,0.64550688083752,0.6799999999999999,572.6881862110372,10,85,9
manipur,Manipur,none,GBR,0.2205270659192557,0.7317484129243061,0.4080931946375753,0.5148621410816038,0.7395060626460492,0.715,587.4288555131981,10,85,9
manipur,Manipur,raw,Ridge,-0.3679787102531792,1.8048466360593507,0.5338980407276064,0.43439880769476424,0.7837609641040255,0.6199999999999999,646.5229722384327,10,85,9
manipur,Manipur,raw,RF,0.3498036487873859,0.6436721108534835,0.6127560995163355,0.5828926069490781,0.7267739305609483,0.6683333333333334,527.7018154917596,10,85,9
manipur,Manipur,raw,GBR,0.07571755272856633,0.9405239694740811,0.5651078915848698,0.554782878774894,0.6495002310063069,0.7016666666666667,566.5853018663195,10,85,9
manipur,Manipur,esri,Ridge,-0.6098808642566422,1.8493980551741933,0.5588530566761203,0.2969045764764611,0.7093730972339832,0.5933333333333333,713.9112298672646,10,85,9
manipur,Manipur,esri,RF,0.2555062451943853,0.6406880422956363,0.5184676115624152,0.4888836617124984,0.6298971052098927,0.6183333333333334,582.2312910033708,10,85,9
manipur,Manipur,esri,GBR,0.2435458245352849,0.7193552217468921,0.45516018195871616,0.5373173941375201,0.7043683503061945,0.7366666666666667,570.8790881584429,10,85,9
manipur,Manipur,crop,Ridge,-2.4798413436322635,5.682343011731274,-0.1337911952755942,0.13162089735047405,0.7362141137253806,0.6633333333333333,879.7103392293617,10,85,9
manipur,Manipur,crop,RF,0.3188745810710947,0.6057889622141315,0.5525010570384294,0.5418475591992649,0.6737326578272858,0.6599999999999999,563.1061644641188,10,85,9
manipur,Manipur,crop,GBR,0.27357773004344715,0.6801154931917744,0.5499530419903699,0.6187563264666256,0.7691818720514942,0.74,551.3034746794931,10,85,9
haryana,Haryana,none,Ridge,-0.12294694066432355,0.891671738304221,0.1787551079117068,0.5942578190457191,0.5668674963219393,0.7541602320571311,674.2439624070372,11,229,22
haryana,Haryana,none,RF,0.44195884486299275,0.35840495753077073,0.5333179619090913,0.6620694122970595,0.6696501084959323,0.8131260777161706,468.2834165929223,11,229,22
haryana,Haryana,none,GBR,0.43512194406376015,0.4047071463700786,0.589056047267512,0.6778123996498788,0.6613399593479826,0.8087277403371268,467.3811994293832,11,229,22
haryana,Haryana,raw,Ridge,0.22869747008542093,0.405862422726926,0.2546067983178587,0.6300532100602412,0.6400833211984132,0.7846007293452082,577.1221605855926,11,229,22
haryana,Haryana,raw,RF,0.5673829500371581,0.22191530684243546,0.6442902374612265,0.6829177003503077,0.7029635961539089,0.8009524414071449,421.7305678586274,11,229,22
haryana,Haryana,raw,GBR,0.5901182682655007,0.1967235352704218,0.6055100052160429,0.7025562392036169,0.7460305770283495,0.8109479359927287,412.77174975766013,11,229,22
haryana,Haryana,esri,Ridge,0.1758941453150534,0.4573176609429879,0.2334458858276124,0.6161950341116689,0.6313481108435204,0.7808002932249117,594.9039859001691,11,229,22
haryana,Haryana,esri,RF,0.5452877812301886,0.2432596340591983,0.6293995081503985,0.6695665731040333,0.6970211048014263,0.7989518452584274,430.9351703414887,11,229,22
haryana,Haryana,esri,GBR,0.6108662372283841,0.21885325774913642,0.6800873214578937,0.7092935922749214,0.7209563776553805,0.809144195787194,396.3413308749017,11,229,22
haryana,Haryana,crop,Ridge,-0.041147243564151274,0.7805880849213181,0.2097206512537001,0.599376466726087,0.5355693013444606,0.7637631864819816,653.2802678321857,11,229,22
haryana,Haryana,crop,RF,0.5207537832647339,0.2847351371496501,0.6164664851997665,0.6819996464074821,0.7014959701253081,0.8123146466082052,438.132565769778,11,229,22
haryana,Haryana,crop,GBR,0.5884264480097529,0.23894078679506287,0.6686540017540508,0.7084524344443424,0.7490562643100261,0.809931146153072,407.0273442592132,11,229,22
tripura,Tripura,none,Ridge,-28.79246823368263,20.687502434196272,-24.084116482777926,-0.7359327980953959,0.10141066077989624,0.29004329004329005,1108.832099356382,11,88,8
tripura,Tripura,none,RF,-3.1329212610584887,3.1845185167217074,-1.9289235512499845,0.011102483737148424,0.10432515387246022,0.235930735930736,432.6641329354022,11,88,8
tripura,Tripura,none,GBR,-2.9343746028918556,4.418695780282658,-1.3737573000135352,-0.263685836925604,0.15578070329456983,0.2727272727272728,394.5252667581322,11,88,8
tripura,Tripura,raw,Ridge,-24.6520635292036,18.87150755617907,-21.73501412865722,-0.9281294018733582,-0.3626089600458029,0.22294372294372297,1023.9112976203902,11,88,8
tripura,Tripura,raw,RF,-3.138605169563229,3.393578327528314,-2.455206984908547,-0.031156993740043257,-0.02624590999629839,0.16883116883116883,431.68693314974627,11,88,8
tripura,Tripura,raw,GBR,-2.8785283931641232,4.40823841993565,-1.7482622316728391,-0.22663957646937727,0.17176072160347433,0.2662337662337663,393.4474090736792,11,88,8
tripura,Tripura,esri,Ridge,-25.143065997058827,17.84141678562674,-21.324244116919065,-0.6764701718301113,-0.07354576150067249,0.248917748917749,1037.2919802277543,11,88,8
tripura,Tripura,esri,RF,-3.134621035837765,3.2330305553840315,-2.2372401202553376,-0.04830016455761081,-0.09897571090286728,0.20346320346320346,433.1605618003175,11,88,8
tripura,Tripura,esri,GBR,-3.007439553181513,4.30445352368711,-1.6239961270330978,-0.26359468243696005,0.041049791721894935,0.2445887445887446,399.7289107169591,11,88,8
tripura,Tripura,crop,Ridge,-27.085923711269036,18.79604169651461,-24.447626752987635,-0.7756532093664427,-0.03578247510601451,0.28354978354978355,1081.260613082758,11,88,8
tripura,Tripura,crop,RF,-3.103228385117806,3.248397873232168,-2.223782926320226,-0.07512751038657343,-0.1538494803709538,0.17532467532467536,431.35804166171147,11,88,8
tripura,Tripura,crop,GBR,-2.862336944414228,4.405696915692856,-1.313788406193979,-0.24650727499224134,0.13347764010135943,0.24149149283567553,388.9138468937445,11,88,8
bihar,Bihar,none,Ridge,-1.5266659915052403,1.386795779698711,-1.1390794771047639,-0.14789491810641284,-0.12229726694183007,0.1716527718785642,635.9892403636718,11,295,37
bihar,Bihar,none,RF,-0.5284504422976267,0.4046482082300471,-0.44873336065632086,-0.04821349026068267,-0.05926780783276242,0.09194870911746085,516.3088065379465,11,295,37
bihar,Bihar,none,GBR,-0.7227063328057489,0.4526289172497238,-0.5282873592630093,-0.1945900931354845,-0.15792397172887807,0.10603436337306436,550.8756084242532,11,295,37
bihar,Bihar,raw,Ridge,-1.186392659762376,1.4705922341220474,-0.7774279955656678,-0.11966993997228177,-0.11614100668328109,0.2097329003215173,581.109205010211,11,295,37
bihar,Bihar,raw,RF,-0.40039941681881663,0.3069076084386273,-0.3230886011484868,0.004807524338525443,-0.03694745275961231,0.13339621043610939,496.0218349444112,11,295,37
bihar,Bihar,raw,GBR,-0.5598468586709285,0.3428886647092309,-0.45805969557180437,-0.13874262712243898,-0.1479186611005019,0.13647310175846353,525.3336086231078,11,295,37
bihar,Bihar,esri,Ridge,-1.2176888321302775,1.4918898212783307,-0.8461648466038785,-0.12066558137162518,-0.11669166852493529,0.20981923345076012,584.6078278412916,11,295,37
bihar,Bihar,esri,RF,-0.4334379303127769,0.3277185881545473,-0.3973573432409603,-0.016408262644184067,-0.01541314953621109,0.13040904490304459,501.40974806177564,11,295,37
bihar,Bihar,esri,GBR,-0.5254673166108655,0.4237463211864028,-0.36338594213212616,-0.08811133948796174,-0.1238486561624994,0.12999789190545996,518.7265978612096,11,295,37
bihar,Bihar,crop,Ridge,-1.2595593445807756,1.4311832189114564,-0.8411221040040981,-0.12697715967829745,-0.13005615238882262,0.1979967337171817,595.4411054359531,11,295,37
bihar,Bihar,crop,RF,-0.41170475616341595,0.2947562528186221,-0.2969259026757911,-0.01013055649465538,-0.028367523641032566,0.09828806791685109,497.84261802082074,11,295,37
bihar,Bihar,crop,GBR,-0.5607235372944455,0.44080698155195214,-0.3664064416814228,-0.08248784921204035,-0.04519708038691572,0.11084974434945526,525.01680634588,11,295,37
chhattisgarh,Chhattisgarh,none,Ridge,0.11007773886245739,0.3428121174785355,0.14257801657344382,0.3502734184308691,0.435599076463342,0.6388043534988884,457.9099616132788,10,245,26
chhattisgarh,Chhattisgarh,none,RF,-0.24706317924896987,0.6123499073878038,-0.07101197761125055,0.27683531527830024,0.24211786486882242,0.5360107969656647,545.7274308955305,10,245,26
chhattisgarh,Chhattisgarh,none,GBR,-0.05578869152799927,0.4490371358404381,0.017711624992755137,0.3029828900831048,0.30468611369404713,0.5656496378509264,501.5823053159732,10,245,26
chhattisgarh,Chhattisgarh,raw,Ridge,0.05948408111131529,0.391315182700668,0.1501457847438844,0.34046188831016017,0.4173722383324161,0.6227679732330175,466.64127925442153,10,245,26
chhattisgarh,Chhattisgarh,raw,RF,-0.2728034186728154,0.6320479731363563,-0.08082595169241824,0.2693832000052395,0.24881543260356198,0.509431921262491,550.997278008985,10,245,26
chhattisgarh,Chhattisgarh,raw,GBR,-0.03535602529155749,0.4829922587593961,0.07524034458907147,0.33981622885991414,0.32448353530822366,0.5760526315269995,494.9501111595431,10,245,26
chhattisgarh,Chhattisgarh,esri,Ridge,0.05882620074102853,0.37587145255155757,0.1212819690283577,0.341864250007427,0.43187168939543236,0.6306505307704504,467.1201900471739,10,245,26
chhattisgarh,Chhattisgarh,esri,RF,-0.16961871511734863,0.5782115952982516,-0.0032325745282710816,0.29940053058555244,0.29144070533188804,0.5730405651190131,520.0878984374557,10,245,26
chhattisgarh,Chhattisgarh,esri,GBR,-0.08378041806055833,0.5879498898011567,0.13828798027684264,0.29027916993085456,0.3331718617802847,0.5547144016331431,492.3827907152655,10,245,26
chhattisgarh,Chhattisgarh,crop,Ridge,0.03943781402810703,0.4604482510969311,0.12403362515769101,0.3370710465702511,0.45890207645840325,0.6384795321004583,466.5115771566605,10,245,26
chhattisgarh,Chhattisgarh,crop,RF,-0.13601710734183453,0.5867382480362656,0.0804194669074913,0.32966377881481046,0.30894588583075255,0.6068900219911776,511.2232008557868,10,245,26
chhattisgarh,Chhattisgarh,crop,GBR,-0.0975735244479634,0.6373773233108687,0.08651912527912875,0.27578354869851307,0.27623194616507146,0.5627343136612681,492.11177287413796,10,245,26
gujarat,Gujarat,none,Ridge,-0.1392020646860889,0.6154900267727221,0.1437146515106379,0.21197273765418265,0.19631345834556668,0.48849015336515705,636.4241164258385,11,226,25
gujarat,Gujarat,none,RF,0.45224772469410285,0.11795089055634882,0.45993775180912744,0.5143478760129865,0.505713980450023,0.7405911922352778,465.5943112054337,11,226,25
gujarat,Gujarat,none,GBR,0.40754172124012183,0.1578794114966457,0.43002798873012626,0.5111958940796246,0.5104752978968655,0.7203156237624809,483.10006315116993,11,226,25
gujarat,Gujarat,raw,Ridge,-4.694080366853157,14.302257001852638,-0.014882312384253193,-1.4818763173484972,0.19784367876571574,0.47493747004384335,956.9426648235795,11,226,25
gujarat,Gujarat,raw,RF,0.45525776102762633,0.1183382179989546,0.47272655787279283,0.52572050540073,0.5430726247887827,0.7606439028055157,464.2827198427227,11,226,25
gujarat,Gujarat,raw,GBR,0.46004973934816074,0.17380445402655434,0.4760366320313014,0.5165681222868755,0.506519850583206,0.7119156807882002,462.92061617836583,11,226,25
gujarat,Gujarat,esri,Ridge,-6.21003914861592,19.109560101753686,0.011738720756408694,-2.121068986762347,0.2096498648883799,0.48303526793400453,1012.2138022347552,11,226,25
gujarat,Gujarat,esri,RF,0.46067342050915533,0.11347281428487505,0.4697605995581653,0.522922740682157,0.5245058344262652,0.7506396678087239,462.1510098542585,11,226,25
gujarat,Gujarat,esri,GBR,0.4721935647936972,0.16837712092214546,0.4581207992459744,0.5106701987212922,0.4783698732838064,0.7198774866778929,458.0478412875849,11,226,25
gujarat,Gujarat,crop,Ridge,-0.09061208303120877,0.4743528287828266,0.05661962897771744,0.21751275845050716,0.2262992723134708,0.5099106949216924,630.3336227138811,11,226,25
gujarat,Gujarat,crop,RF,0.4585752487072244,0.11876885612011455,0.4625915907879984,0.5381146197450525,0.5411744592117966,0.7663412690151347,462.23952002074964,11,226,25
gujarat,Gujarat,crop,GBR,0.40552653631959595,0.17440609262204573,0.44020559043473995,0.5027810848846972,0.5294690133570367,0.7242675200290123,484.0323647151474,11,226,25
himachal_pradesh,Himachal Pradesh,none,Ridge,-0.4374560216524705,0.4920650775317442,-0.48200708111747703,0.16956481424635375,0.2612911150646814,0.48379069038637984,1134.5061743481376,11,120,11
himachal_pradesh,Himachal Pradesh,none,RF,-0.4063647566971941,1.1665621176630803,0.0893192886628772,0.028400000030170434,0.42502183190150755,0.5825293467469348,1088.2729901887965,11,120,11
himachal_pradesh,Himachal Pradesh,none,GBR,0.013081023877012387,0.5411302055258279,-0.12923535967378452,0.2599792218519729,0.21503138315202408,0.5885805292345159,1014.126982008996,11,120,11
himachal_pradesh,Himachal Pradesh,raw,Ridge,-0.43139648294062416,0.48876198835794227,-0.47947523053715946,0.1719132352641959,0.25894177552757613,0.4870964755103468,1131.9639282718847,11,120,11
himachal_pradesh,Himachal Pradesh,raw,RF,-0.6368804327809204,1.4129395815153318,-0.06212375488165378,-0.08211672056952685,0.26067604743783035,0.5863729030559945,1123.0113556716913,11,120,11
himachal_pradesh,Himachal Pradesh,raw,GBR,0.1292022755048077,0.5293861671049378,-0.15639788838310276,0.34158650857400213,0.43939421832596803,0.5795046978604468,981.0505963032679,11,120,11
himachal_pradesh,Himachal Pradesh,esri,Ridge,-0.4660691316447586,0.5225624654827244,-0.47703084760474,0.11906651311497735,0.26060668162821354,0.4623030870805947,1142.329445284266,11,120,11
himachal_pradesh,Himachal Pradesh,esri,RF,-0.6958420153036505,1.4969329750021265,-0.08604651353076043,-0.1250818005364408,0.2432416950625983,0.5724657691124796,1134.6521554717283,11,120,11
himachal_pradesh,Himachal Pradesh,esri,GBR,0.09259868225253541,0.5262873750495374,0.14857745845470027,0.3213899997866791,0.36732728710298057,0.6047065976441822,987.1528609997847,11,120,11
himachal_pradesh,Himachal Pradesh,crop,Ridge,-0.29031867662804045,0.4200527756358754,-0.2601070144703481,0.22371615532517664,0.316483670846042,0.5089869360263003,1086.5913738982947,11,120,11
himachal_pradesh,Himachal Pradesh,crop,RF,-0.696296140764335,1.5871725432212107,-0.069508612503276,-0.0954521946209984,0.2848651348380289,0.6042886627171739,1130.1188726870093,11,120,11
himachal_pradesh,Himachal Pradesh,crop,GBR,0.07409942506648749,0.5379107734202242,0.03893232266171309,0.30434253100904834,0.2835539280389908,0.6157334202491587,995.2566074175371,11,120,11
kerala,Kerala,none,Ridge,-0.3421752448289832,0.808581181363889,-0.14054001580023656,0.3711717004822795,0.3731384362812058,0.5974025974025974,626.8327455502985,11,143,13
kerala,Kerala,none,RF,0.2978401189274793,0.337050809021461,0.3995554057001959,0.528800715906197,0.5630086023482455,0.7812187812187812,462.12769225661947,11,143,13
kerala,Kerala,none,GBR,0.3283175665306002,0.26885373533724616,0.39942008306198884,0.514839390952051,0.6094365817001993,0.7462537462537462,443.0203807050068,11,143,13
kerala,Kerala,raw,Ridge,-0.16651392925197106,0.7386047823204899,-0.04358269749648547,0.3832548948925785,0.46055365694691963,0.6138861138861139,591.433776433291,11,143,13
kerala,Kerala,raw,RF,0.30202144169728373,0.37251595271162874,0.4503975558976643,0.5494481643700652,0.5763240747948408,0.7802197802197802,460.0659331413526,11,143,13
kerala,Kerala,raw,GBR,0.32348525950115736,0.2938745534826567,0.4175668565879578,0.518884021828169,0.5926868259017494,0.7607392607392608,443.2554994334436,11,143,13
kerala,Kerala,esri,Ridge,-0.4020391666309098,0.8120300322144982,-0.13297404364564103,0.3553481840358472,0.3572977648897947,0.5919080919080919,640.5124782751881,11,143,13
kerala,Kerala,esri,RF,0.303928833847311,0.364723670446397,0.4431159559168799,0.5221380987531729,0.5498434916862422,0.7762237762237763,459.49188002886734,11,143,13
kerala,Kerala,esri,GBR,0.3480984351171003,0.30601586607645903,0.44321252936859845,0.47491598090176573,0.6210594473649689,0.7482517482517482,437.03937940156777,11,143,13
kerala,Kerala,crop,Ridge,-0.21522090045161874,0.7091824019817919,-0.08939915643926932,0.39011288535591127,0.5146622627480196,0.6123876123876124,600.835734357895,11,143,13
kerala,Kerala,crop,RF,0.3070698046170103,0.36622751216273086,0.4564702208906277,0.5420633408432902,0.5720396146828706,0.7737262737262737,456.93030381451734,11,143,13
kerala,Kerala,crop,GBR,0.3302022414212194,0.28162737633113577,0.3833932263620372,0.4889955390725337,0.5968539718090946,0.7547452547452547,442.9238095205872,11,143,13
meghalaya,Meghalaya,none,Ridge,-1.2874077424257642,2.0767391363509757,-0.4316238415792233,0.43804238577867183,0.6272513383823277,0.6134788266540466,442.8580252681051,10,104,11
meghalaya,Meghalaya,none,RF,0.5161235204027882,0.49625718849648637,0.7805004137669382,0.7015619891897691,0.8012827003964353,0.7905742473814829,205.2460040194163,10,104,11
meghalaya,Meghalaya,none,GBR,0.42450240399622097,0.577347515021574,0.7071881800482647,0.714537899037541,0.7764939080582469,0.794273472896716,222.02517063058536,10,104,11
meghalaya,Meghalaya,raw,Ridge,-1.322370598560148,2.4044054993894117,-0.4367059784476185,0.44871840487412334,0.6523030966974689,0.620130067857265,432.7611775008071,10,104,11
meghalaya,Meghalaya,raw,RF,0.5303317569034512,0.461086289802571,0.7873485981017179,0.7051743212136965,0.8020938078321803,0.7792838388270436,205.68857485534153,10,104,11
meghalaya,Meghalaya,raw,GBR,0.4781931282310629,0.4943403351277238,0.7193094388093968,0.7249428621132994,0.7770002527652775,0.8181870754423339,215.2344356005107,10,104,11
meghalaya,Meghalaya,esri,Ridge,-1.215947065082495,1.8380191576422442,-0.42810655027306677,0.43742001998950386,0.639828293360154,0.6097013137964955,443.4932577570623,10,104,11
meghalaya,Meghalaya,esri,RF,0.507698481286668,0.4951274877381772,0.7663457855812548,0.701825809162022,0.7918344690941741,0.7847383842815889,207.9872413718304,10,104,11
meghalaya,Meghalaya,esri,GBR,0.1937283292042752,1.1714411744921294,0.6874092509091496,0.577717711020362,0.7679119214760806,0.7616369266281543,235.5662022062558,10,104,11
meghalaya,Meghalaya,crop,Ridge,-1.1046937056120556,1.9143982944957074,-0.20447212979455853,0.444174009392288,0.6042061036087577,0.6353072509705132,425.4795050920708,10,104,11
meghalaya,Meghalaya,crop,RF,0.5082152172664307,0.498926624453012,0.7794720359453076,0.6963175350202924,0.8006888310797575,0.7749806258918153,207.44471605763488,10,104,11
meghalaya,Meghalaya,crop,GBR,0.31729180988307376,0.7988577854066067,0.6729487564917661,0.6548849382064645,0.7342064809471189,0.7877583213815645,231.28587343865166,10,104,11
mizoram,Mizoram,none,Ridge,-0.181183704540378,0.4704238894889947,-0.02289452163142136,0.00809757763298171,0.009331084466770445,0.3852813852813854,238.88045510748586,11,88,8
mizoram,Mizoram,none,RF,0.45640419571182367,0.35535613700495416,0.6135749410791822,0.5930146527995072,0.6818722238035264,0.8982683982683984,150.87947783042702,11,88,8
mizoram,Mizoram,none,GBR,0.2620311147403462,0.4410572093599076,0.35688474582585117,0.4808748388355301,0.6484408627996894,0.8181818181818183,176.16724678448577,11,88,8
mizoram,Mizoram,raw,Ridge,-0.1965554555432595,0.47900260830997116,-0.021034173472890716,0.03213215139714151,0.010570544402056403,0.4610389610389612,239.74970529459503,11,88,8
mizoram,Mizoram,raw,RF,0.45765298570647595,0.38210698033573537,0.6105995710500197,0.6015824626046905,0.6975414567488127,0.8896103896103896,148.6734671621609,11,88,8
mizoram,Mizoram,raw,GBR,0.1847353354659064,0.5659258091691906,0.3197905989362988,0.43098668441604354,0.6330109464857662,0.8116883116883119,181.97056402322514,11,88,8
mizoram,Mizoram,esri,Ridge,-0.1804364500169699,0.46971030538932934,-0.022817286981403173,0.008315042590626431,0.009949610972607714,0.393939393939394,238.8243549936373,11,88,8
mizoram,Mizoram,esri,RF,0.4265638047352321,0.4229301778661482,0.620339595066316,0.5846911376007924,0.6919290933565472,0.8831168831168832,151.9776551357011,11,88,8
mizoram,Mizoram,esri,GBR,0.18169091409156007,0.5358582381051842,0.3877018414478569,0.46670698754541484,0.6091696643534446,0.8203463203463205,180.60971829169333,11,88,8
mizoram,Mizoram,crop,Ridge,-0.22401982095402453,0.4508306889765146,-0.031813263293916094,0.06156990383090872,0.07691390481230942,0.41991341991341996,243.34043075227902,11,88,8
mizoram,Mizoram,crop,RF,0.4528067877608395,0.36030705595439394,0.6195267508776823,0.5915735783443729,0.6905471140043097,0.8766233766233767,150.94615822855238,11,88,8
mizoram,Mizoram,crop,GBR,0.16696224055688305,0.504579619157424,0.3165385361199078,0.42004970314452633,0.5567677523559562,0.813852813852814,186.3200171308886,11,88,8
nagaland,Nagaland,none,Ridge,-3.880133455521381,5.0277358833698615,-1.3518807055213635,0.04656888175125278,0.198670148997251,0.5103186489786325,344.99504257048983,11,121,11
nagaland,Nagaland,none,RF,-2.136320509125145,4.4410051532157935,-0.2711869529839912,0.5341235590872181,0.7980626875046748,0.81644533651344,249.26906318370555,11,121,11
nagaland,Nagaland,none,GBR,-1.8497276835044856,3.163312246409827,-0.3501499579668683,0.06233615443999747,0.38881933131106217,0.6176611194107173,256.1333967831357,11,121,11
nagaland,Nagaland,raw,Ridge,-2.3689954328433576,3.156662683887762,-0.5738460403263037,0.21705530853946764,0.3792685710241207,0.642428246392179,294.4352143906465,11,121,11
nagaland,Nagaland,raw,RF,-1.7558503817927724,3.493076777492557,-0.4205340742123147,0.5401520055945642,0.7776152681362007,0.8364042571831347,243.22302674899154,11,121,11
nagaland,Nagaland,raw,GBR,-1.5809844059750482,2.635255373219444,-0.5419305595308823,0.24627930155585218,0.584054901990172,0.6677518882027161,249.53224007688289,11,121,11
nagaland,Nagaland,esri,Ridge,-3.9576019990160827,5.065401566045702,-1.4225682841176832,0.02772357294975354,0.15851762781161738,0.48258970282183106,348.01551912629185,11,121,11
nagaland,Nagaland,esri,RF,-1.9720261047390986,3.947024154807879,-0.17907203498412638,0.5156413008562507,0.7881742966414511,0.8085415464907562,246.874173116764,11,121,11
nagaland,Nagaland,esri,GBR,-1.8822532473751084,3.2133264489916367,-0.3134424783215539,0.024725784271180874,0.42276894504379803,0.6102804305398961,257.18471309105,11,121,11
nagaland,Nagaland,crop,Ridge,-3.4924966982611196,4.323931388119742,-1.3034320663289067,0.024543560187559453,0.27160411193484824,0.526809356159731,334.8880270132399,11,121,11
nagaland,Nagaland,crop,RF,-1.9216113697146269,3.9004810223000836,-0.10911470592311279,0.5220872757437177,0.8075294920010314,0.8189820030145196,244.0246648182363,11,121,11
nagaland,Nagaland,crop,GBR,-1.8718289678143527,3.245928335179548,-0.3214236003764701,0.0928325383311345,0.45274391992287777,0.6260211283174755,254.70689041707635,11,121,11
rajasthan,Rajasthan,none,Ridge,-0.5189023079639026,1.9832384352373365,0.18594807914925837,0.4211738448893314,0.46273031093525074,0.6221075818187608,697.3288362268771,11,224,23
rajasthan,Rajasthan,none,RF,0.5724042020668473,0.19028229695568688,0.5735710546125671,0.6925944868555164,0.6913100703797038,0.7367154136378368,417.6619079875854,11,224,23
rajasthan,Rajasthan,none,GBR,0.54794147938586,0.24389427414312534,0.5811905811848794,0.6929676755475916,0.7101094200519547,0.73261780880705,423.36798055384077,11,224,23
rajasthan,Rajasthan,raw,Ridge,-0.5468275486397658,1.9874968716598895,0.1834703734537826,0.4197943323732107,0.45925039606331364,0.620987486149297,707.1116663329901,11,224,23
rajasthan,Rajasthan,raw,RF,0.5861489815282647,0.2081552332244968,0.6062679811506317,0.6932050136696306,0.7084619543082469,0.7309609063365996,407.76754356319384,11,224,23
rajasthan,Rajasthan,raw,GBR,0.5764863522409411,0.254656294318231,0.6405133372906342,0.696657250854476,0.7127132790649973,0.7481269286523311,407.43749302753827,11,224,23
rajasthan,Rajasthan,esri,Ridge,-0.5754745925292127,2.0437210729699022,0.16896773768666873,0.4294600231055808,0.4815781329976698,0.6272437576216767,711.9597817252798,11,224,23
rajasthan,Rajasthan,esri,RF,0.5805065123978025,0.1988532661865325,0.585795054029826,0.6922089136551342,0.7057368638122806,0.7273039944854229,412.00030829479016,11,224,23
rajasthan,Rajasthan,esri,GBR,0.5677527969627438,0.2380570540167842,0.6142378459154287,0.7013452508206185,0.7007218117236176,0.7497030265458959,413.3229964455002,11,224,23
rajasthan,Rajasthan,crop,Ridge,-0.02886772626048074,1.0887695016157104,0.3865400151678361,0.4109741402146437,0.4888410326837771,0.6396244274674389,601.2408830592657,11,224,23
rajasthan,Rajasthan,crop,RF,0.6041176363018483,0.22920025356565235,0.6342364645820766,0.7094957858826564,0.7517563486131277,0.7474297726480159,396.01542177205977,11,224,23
rajasthan,Rajasthan,crop,GBR,0.5610564268644971,0.2888271974990445,0.6351781604220392,0.6616297016680891,0.6840003050600614,0.7130608269985184,412.8336876331623,11,224,23
uttarakhand,Uttarakhand,none,Ridge,0.39271597207169545,0.34131059810821773,0.4820652622778594,0.6361004339850532,0.6689661340011155,0.7402597402597402,507.6357418814538,11,143,13
uttarakhand,Uttarakhand,none,RF,0.8477312261313045,0.0517223561807698,0.8598461283325491,0.8703493841890757,0.8902869276300773,0.8921078921078923,261.9592527345243,11,143,13
uttarakhand,Uttarakhand,none,GBR,0.8686525242845413,0.06203014682875601,0.8656835594228859,0.8833400951872061,0.9035242340110957,0.8781218781218783,239.94678064755792,11,143,13
uttarakhand,Uttarakhand,raw,Ridge,0.527248509928386,0.2717709397836166,0.6416127499952358,0.6571890465468319,0.6799357931749352,0.7417582417582417,449.15757279004197,11,143,13
uttarakhand,Uttarakhand,raw,RF,0.8602082975931178,0.04798872086816213,0.8886137193120079,0.8751972027407701,0.8888137071694995,0.8826173826173825,251.86837886744942,11,143,13
uttarakhand,Uttarakhand,raw,GBR,0.8896282527711296,0.05362383709539324,0.8995571967271223,0.8958631539468502,0.9152852172657622,0.9040959040959042,219.37384922022054,11,143,13
uttarakhand,Uttarakhand,esri,Ridge,0.3943345414035991,0.35170914617586024,0.5350338950602227,0.6264394241383645,0.6484895626438056,0.7257742257742257,506.07371617155076,11,143,13
uttarakhand,Uttarakhand,esri,RF,0.8530910631258108,0.05793456879992206,0.8662450801074562,0.871184491236998,0.8960449476307648,0.8816183816183816,257.4155606362945,11,143,13
uttarakhand,Uttarakhand,esri,GBR,0.8701301687074238,0.05412355528340853,0.8866217968547913,0.8827310169632661,0.9106244076571263,0.8846153846153847,240.32834762970958,11,143,13
uttarakhand,Uttarakhand,crop,Ridge,0.7204132103583714,0.12144699160706068,0.7454163336773275,0.8331766040233148,0.8519709310122507,0.8116883116883116,352.0526030314978,11,143,13
uttarakhand,Uttarakhand,crop,RF,0.8667264494829291,0.04966274164959453,0.8806003170526225,0.8870874538608277,0.8958741873535688,0.8866133866133867,244.84043683706676,11,143,13
uttarakhand,Uttarakhand,crop,GBR,0.8692507051118151,0.07203952129769277,0.8784100557946022,0.8803282349686851,0.913208582078917,0.8826173826173828,235.30289384290117,11,143,13
