district,band,gcvi_raw,gcvi_jordi,yield_kg_ha,rice_share5,H5,rice_px_frac,rice_area,benefit_sq,benefit_abs
Alirajpur,West,4.136544892834055,3.808768649225928,1441.0,0.072835801971233,0.8990954816769016,0.3870654930628077,4067.09,-47073.42550440917,-62.53314634732442
Anuppur,East,4.510080755356362,4.299921802511018,1486.0,0.9592939486494918,0.1707638532299422,0.7540008745080892,119003.58,-163411.48003101026,-177.25881570103593
Ashoknagar,Central,4.387529298554963,3.278384386215147,2167.0,0.657298726190404,0.6581424066696203,0.1869430586616205,24924.84,-158565.0840933191,-179.83748418052596
Balaghat,East,5.700548321460334,5.496159225248047,1837.0,0.9923744358938124,0.0500357556224942,0.8510829433060538,250344.86,-417917.3837213146,-414.87729077984204
Barwani,West,3.611193519596727,2.91970150076853,1144.0,0.0004674990270635,0.6784397060084517,0.1345723653969907,74.49,168082.06808738937,174.78959770313327
Betul,Central,4.4134122118787,3.905502351934313,1755.0,0.1275239888070773,0.7537886150178655,0.3211994444260723,29577.84,-9170.943557970812,-46.147143332179894
Bhind,Central,2.848276346551569,3.5883082334662744,2578.0,0.9824797156926136,0.0897822862861186,0.4644546353745167,28535.75,912990.7418691297,434.2201293414762
Bhopal,Central,3.92022791890608,3.243162162572957,2185.0,0.9626514205327584,0.1715449577498529,0.2747275588680702,22937.75,-107451.73411227067,-105.31259007272979
Burhanpur,Central,3.7013073311431306,3.193084623470948,1192.0,0.0048057768869943,0.9117790732122824,0.2622293504410585,220.14,87394.48008670213,90.10654809696007
Chhatarpur,Central,4.200787030091052,3.384664671577655,1277.0,0.6334642478648463,0.717592956280469,0.3818816049811052,1016.14,97954.94865832393,103.63298043277746
Chhindwara,Central,4.640735505846823,4.0756809666816665,1840.0,0.0633600799445178,0.657836912706207,0.3589774203743371,27913.0,-8639.86547417726,-66.33628326302869
Damoh,Central,4.342562612183083,3.7941782525510206,2273.0,0.9327282981080716,0.2488143505092357,0.549697105676464,84017.74,17901.531800428464,19.566910073556983
Datia,Central,4.080582295453863,4.395538916696639,1495.0,0.8873050836134426,0.3557748351161442,0.7518704365854392,90979.25,-256591.79716847028,-298.8822617842484
Dewas,Central,3.7962055069528655,3.1057653622569625,1292.0,0.0041108944407432,0.2776053697319028,0.1344417101343475,82.87,100227.54139791577,134.3621591327435
Dindori,East,4.767702677955877,4.542791250811425,1398.0,0.8921680020835808,0.3427726979895363,0.5310237849017581,113384.65,-276131.6724172686,-218.30126896685488
East Nimar,Central,3.269114077669903,2.7595891552285967,1168.0,0.0071236256292049,0.6180100651199382,0.2252471668946496,436.93,155191.1714325107,190.6241521897391
Guna,Central,4.29073040436949,3.1890550621473905,2143.0,0.0981868092018685,0.324688452347868,0.0905838763255398,14377.52,-174319.7950484727,-197.21055345623245
Gwalior,Central,3.836286063203188,4.352391372599665,2548.0,0.9840303872946708,0.0853556260969168,0.494991711635453,85814.83,438225.51910154853,316.68734817638597
Harda,Central,4.493230201092354,3.379667720343516,2117.0,0.1985248679227762,0.5282280749235402,0.2088629592850049,3035.88,-115310.90944591817,-159.59148206780446
Hoshangabad,Central,4.419207694210787,4.010164231068762,2534.0,0.8485429022157579,0.4881334917908769,0.5400544285007423,194133.82,114884.23816834431,84.4771176566278
Indore,West,4.018765535752062,2.5032666147237195,1428.0,0.0035453730057276,0.3942309814580692,0.062788237782949,5.02,110166.8333931474,277.24533456049244
Jabalpur,Central,4.185869049062399,4.066137297303157,2227.0,0.750843897103687,0.6180854290890196,0.7456838021338507,139734.94,109165.930363202,145.36907139310506
Jhabua,West,3.845923665540136,3.071085365968864,1192.0,0.0336755411547293,0.7598974014051821,0.1585772153112341,2574.68,146276.67769216702,154.30129927233702
Katni,East,4.671536307070773,4.448082276929542,2367.0,0.9949672532197984,0.0353945703319954,0.8108024791511179,178897.51,165959.55898608617,201.36275652406357
Mandla,East,4.664060951709863,4.401075871366892,1882.0,0.9260762485549136,0.2874633954618369,0.6655693303679563,165249.87,-31451.901091037547,-170.09575439678292
Mandsaur,West,3.372200956937799,2.7451545888635764,1198.0,0.0001838239316875,0.0117893905115739,0.055737946264262,0.84,155839.3536218464,206.11313400506197
Morena,Central,3.577695729322582,4.442220479663013,2433.0,0.9993478147446042,0.0054358700187036,0.1776672621634236,4596.92,491810.19038398983,416.34004032435087
Narshimapura,Central,4.26519910775952,3.988619984749672,2306.0,0.3893132242985337,1.0820232905409544,0.6477296455130985,75619.06,95249.66122851669,102.8572505056211
Nimach,West,3.522151165278412,2.848087125858685,787.0,0.0152415100715237,0.0948346076197382,0.0968925909021755,243.57,327703.59981840814,195.15553353338396
Nivari,Central,4.360993474433558,3.5731549174619373,1174.0,0.9463911496661632,0.2090072065930773,0.2775260257195346,194.19,84722.0450663137,67.49686352605454
Panna,East,4.180798877256691,3.8307017383181,1964.0,0.9927348410598958,0.0480280095509712,0.6273687355634976,128698.8,18537.761317921453,61.934757333860034
Raisen,Central,3.875093784600144,3.891241618897834,2197.0,0.9783820986586323,0.1118932720961008,0.4693284901225695,264421.89,117662.56262986155,144.48385720806436
Rajgarh,Central,4.210741546262943,2.2378921183210347,1398.0,0.0034888808394181,0.0232234834030599,0.0373772147860646,129.74,144338.14385234565,269.0477976582358
Ratlam,West,3.880180035797705,2.1260213076317296,1277.0,0.0003171643782734,0.6771169327023066,0.0443282217934396,9.21,217850.77425934913,424.0193110405239
Rewa,East,4.367276537666365,4.41694533536315,2275.0,0.9989714970162574,0.0081037154200608,0.8742473187750356,288452.79,164990.78768171184,238.58531905285167
Sagar,Central,4.300670254129708,3.502447953017669,1704.0,0.4228657163928135,0.7180184654955929,0.2173475660872967,41954.88,10771.025639306888,80.39013035130688
Satna,East,4.500023693730774,4.46677127410307,2400.0,0.9991633390728434,0.0071949421713909,0.7858519994800919,238821.58,212136.8089030098,232.7684138555976
Sehore,Central,4.126148297052325,3.326172482428314,2518.0,0.7162738621855903,0.5978390317591795,0.2018303705935522,38857.9,-188708.3969137898,-115.8523091518266
Seoni,Central,4.572686926388495,4.189295512466955,2024.0,0.4760143561910026,0.7124654223990425,0.4974832056012868,170495.49,27059.24286996515,122.53862670210992
Shahdol,East,4.360127925032501,4.085031902576104,1643.0,0.9852900538282529,0.0783127420021784,0.8763975155279503,153780.16,-59842.43501089139,-123.34726355104067
Shajapur,Central,4.236299555352393,1.8388597477696471,1180.0,0.0607857851799849,0.229124186475247,0.0296115121580547,25.11,394278.3775265668,576.5534678989179
Sheopur,Central,4.214510919364692,4.93489847715736,2548.0,0.9709243104411682,0.1343030428276941,0.1684789248625534,70355.03,484212.2048001645,439.48999889942615
Shivpuri,Central,4.334486712598425,3.7322374032620456,2146.0,0.7647090698642717,0.5699625995226647,0.2838661417322835,57577.89,-1199.5011756647,-1.7662854383027025
Sidhi,East,4.797416134800315,4.241720860053842,2161.0,0.9782719754457536,0.1046901598658757,0.781783648745765,96434.96,47533.788071933435,105.89497091009025
Singrauli,East,4.061497409124419,3.746550605736025,1882.0,0.9283916870187896,0.2602194945337097,0.7676789157309742,84915.03,9900.569904097863,53.55624551178971
Tikamgarh,Central,4.561492144525452,3.5949551275245377,1172.0,0.7994874167942192,0.5011121942039976,0.2312931109752903,673.8,137202.6782902247,104.562976426241
Umaria,East,4.810675476976043,4.367914001056462,1307.0,0.9741307675149808,0.1214231340495831,0.7637892698321618,82235.72,-184376.83497905894,-132.2657603651403
Vidisha,Central,3.909596386589497,3.349336958511717,1779.0,0.8889859017374544,0.361688719412634,0.1991161361240101,60367.69,-9480.31262103213,-63.80635658153096
West Nimar,West,3.6366895536139454,2.666473537422012,1114.0,6.259555731584267e-05,0.4903270455074439,0.1061926747965796,16.74,250863.60611593313,267.21818768118465
