district,gcvi_raw,med_raw,npx_raw,gcvi_jordi,med_jordi,npx_jordi,yield_kg_ha,rice_px_frac,lon,lat,band,rice_area,area5,n5,H5,J5,rice_share5,area_all,n_all,H_all
Alirajpur,4.136544892834055,4.243627548217773,40218,3.808768649225928,3.872020483016968,15567,1441.0,0.3870654930628077,74.35659600110347,22.285628355719368,West,4067.09,55839.16,3,0.8990954816769016,0.8183919759052667,0.07283580197123309,158588.71,13,1.8600875495369875
Anuppur,4.510080755356362,4.378776550292969,45740,4.299921802511018,4.2472004890441895,34488,1486.0,0.7540008745080892,81.75015414259053,23.03391011016416,East,119003.58,124053.3,3,0.17076385322994228,0.15543595769984142,0.9592939486494918,148070.92,13,0.7659268510539268
Ashoknagar,4.387529298554963,4.489105224609375,58130,3.278384386215147,3.291053295135498,10867,2167.0,0.1869430586616205,77.87900248857707,24.617923296215167,Central,24924.84,37920.11,3,0.6581424066696203,0.5990670352572807,0.657298726190404,298699.13,11,0.8115107799423446
Balaghat,5.700548321460334,5.6383795738220215,111317,5.496159225248047,5.383325576782227,94740,1837.0,0.8510829433060538,80.32395428767802,21.86120891346269,East,250344.86,252268.55,3,0.05003575562249428,0.04554450750150862,0.9923744358938124,258077.06999999998,8,0.1617132881049872
Barwani,3.611193519596727,3.696635246276856,65266,2.91970150076853,2.614288568496704,8783,1144.0,0.1345723653969907,74.89193413084092,21.752348873940072,West,74.49,159337.22999999998,4,0.6784397060084517,0.4893907997002798,0.00046749902706354316,217543.13,13,1.441167597228456
Betul,4.4134122118787,4.414006233215332,120956,3.905502351934313,4.024259090423584,38851,1755.0,0.3211994444260723,77.87486499998944,21.88090696880285,Central,29577.84,231939.42,4,0.7537886150178655,0.5437435483824173,0.1275239888070773,452468.17,13,1.224946225987543
Bhind,2.848276346551569,2.715486526489258,55605,3.5883082334662744,3.667461395263672,25826,2578.0,0.4644546353745167,78.68533129575164,26.351525880724893,Central,28535.75,29044.62,3,0.08978228628611862,0.08172335883386592,0.9824797156926137,111462.15,11,1.0882824023990851
Bhopal,3.92022791890608,4.004522323608398,33677,3.243162162572957,3.2150192260742188,9252,2185.0,0.2747275588680702,77.3935208539911,23.48306643132586,Central,22937.75,23827.68,4,0.17154495774985298,0.12374352991760983,0.9626514205327585,143996.57,12,0.5528916784842353
Burhanpur,3.7013073311431306,3.721664905548096,38657,3.193084623470948,3.1801950931549072,10137,1192.0,0.2622293504410585,76.37084805507857,21.334823185914104,Central,220.14,45807.369999999995,4,0.9117790732122824,0.6577095736548475,0.004805776886994385,64861.64,12,1.4866016312146901
Chhatarpur,4.200787030091052,4.296189308166504,106643,3.384664671577655,3.3886711597442627,40725,1277.0,0.3818816049811052,79.6764087283729,24.758046026644124,Central,1016.14,1604.1,3,0.717592956280469,0.6531812575576,0.6334642478648463,406877.92,12,1.3639842412567857
Chhindwara,4.640735505846823,4.613212585449219,142385,4.0756809666816665,4.115474224090576,51113,1840.0,0.3589774203743371,78.80937827542041,22.13919369776124,Central,27913.0,440545.53,4,0.657836912706207,0.4745290258374754,0.06336007994451788,489407.49,14,1.0647428482742731
Damoh,4.342562612183083,4.306632518768311,89140,3.7941782525510206,3.760984182357788,49000,2273.0,0.549697105676464,79.54255067454348,23.79807295617035,Central,84017.74,90077.40000000001,4,0.24881435050923575,0.17948161479084138,0.9327282981080715,299635.48000000004,12,1.2356111073840377
Datia,4.080582295453863,4.181324005126953,33281,4.395538916696639,4.551102161407471,25023,1495.0,0.7518704365854392,78.66554860662345,25.917911752150392,Central,90979.25,102534.35,3,0.3557748351161442,0.32384021076940966,0.8873050836134426,185292.13999999998,10,1.4838144334514787
Dewas,3.7962055069528655,3.9329562187194815,84929,3.1057653622569625,3.349099636077881,11418,1292.0,0.1344417101343475,76.29353278204229,22.805664343461387,Central,82.87,20158.629999999997,4,0.27760536973190286,0.2002499451181817,0.004110894440743246,409669.59,11,0.21766215397352925
Dindori,4.767702677955877,4.4137163162231445,69624,4.542791250811425,4.322896957397461,36972,1398.0,0.5310237849017581,80.88482601884635,22.906879248875526,East,113384.65,127088.9,3,0.34277269798953636,0.31200515552679003,0.8921680020835808,168516.58,11,1.0791991540548775
East Nimar,3.269114077669903,3.609131813049317,89919,2.7595891552285967,3.170546054840088,20254,1168.0,0.2252471668946496,76.56907460428968,21.97778984023447,Central,436.93,61335.34,4,0.6180100651199382,0.4458000280840001,0.007123625629204958,308346.68,14,0.6583248674757507
Guna,4.29073040436949,4.250251770019531,78270,3.1890550621473905,3.167346715927124,7090,2143.0,0.0905838763255398,77.26069724238914,24.50042818275772,Central,14377.52,146430.25999999998,4,0.32468845234786803,0.23421321001809087,0.09818680920186854,324697.32,12,0.9270984676384669
Gwalior,3.836286063203188,3.737935066223145,56706,4.352391372599665,4.498841762542725,28069,2548.0,0.494991711635453,78.15759611746826,26.02901025005758,Central,85814.83,87207.5,3,0.08535562609691684,0.07769403908670708,0.9840303872946707,144250.88,11,1.172921409928203
Harda,4.493230201092354,4.48873233795166,40280,3.379667720343516,3.661899328231812,8413,2117.0,0.2088629592850049,77.11758354788827,22.24103510996436,Central,3035.88,15292.19,3,0.5282280749235402,0.4808139144009863,0.19852486792277627,192632.99000000002,11,0.3505098373566624
Hoshangabad,4.419207694210787,4.534173011779785,80840,4.010164231068762,4.139937400817871,43658,2534.0,0.5400544285007423,77.92678751684593,22.600282586474663,Central,194133.82,228784.92,3,0.48813349179087695,0.4443182520583855,0.8485429022157579,272501.85,11,0.8862730803558908
Indore,4.018765535752062,4.1598944664001465,47270,2.5032666147237195,2.538052797317505,2968,1428.0,0.062788237782949,75.80822987095635,22.70966432853013,West,5.02,1415.93,4,0.39423098145806923,0.2843775409571727,0.0035453730057276836,245804.33000000002,9,0.04226959694645748
Jabalpur,4.185869049062399,4.147066116333008,61860,4.066137297303157,3.95182204246521,46128,2227.0,0.7456838021338507,79.98330735963356,23.223560162880425,Central,139734.94,186103.85,4,0.6180854290890196,0.44585439169622787,0.750843897103687,200495.0,14,0.9371483196091409
Jhabua,3.845923665540136,3.9311928749084473,41721,3.071085365968864,3.25635290145874,6616,1192.0,0.1585772153112341,74.7260749111407,22.883781067471663,West,2574.68,76455.49,4,0.7598974014051821,0.5481501062958332,0.03367554115472937,167477.9,13,1.2514345877344328
Katni,4.671536307070773,4.666431903839111,61634,4.448082276929542,4.3941497802734375,49973,2367.0,0.8108024791511179,80.26037239152791,23.717797984572893,East,178897.51,179802.41,4,0.035394570331995424,0.025531785546182715,0.9949672532197984,186253.67,12,0.2245894359088967
Mandla,4.664060951709863,4.484529495239258,90826,4.401075871366892,4.179448127746582,60451,1882.0,0.6655693303679563,80.58112859702658,22.68508132379348,East,165249.87,178440.88999999998,3,0.28746339546183697,0.2616604587687072,0.9260762485549137,210282.88999999998,11,0.746751177052042
Mandsaur,3.372200956937799,3.518728733062744,67925,2.7451545888635764,2.7406716346740723,3786,1198.0,0.055737946264262,75.38626143871716,24.263674451533504,West,0.84,4569.59,3,0.011789390511573902,0.010731165701656803,0.00018382393168752556,345145.77,11,0.15508201770492122
Morena,3.577695729322582,3.545825481414795,62133,4.442220479663013,4.621672630310059,11039,2433.0,0.1776672621634236,77.861271488379,26.384980328819715,Central,4596.92,4599.92,2,0.005435870018703675,0.007842302718900789,0.9993478147446042,248189.83,10,0.1919802811177321
Narshimapura,4.26519910775952,4.29207706451416,62259,3.988619984749672,4.047249794006348,40327,2306.0,0.6477296455130985,79.08653953608429,22.934980496652344,Central,75619.06,194237.07,4,1.0820232905409544,0.7805148176948965,0.3893132242985337,272432.68,13,1.6564961175343045
Nimach,3.522151165278412,3.608289241790772,52584,2.848087125858685,2.8773226737976074,5095,787.0,0.0968925909021755,75.1824957869467,24.62602095564465,West,243.57,15980.699999999999,3,0.09483460761973828,0.08632217989725015,0.015241510071523776,167478.66999999998,12,0.583933736248372
Nivari,4.360993474433558,4.414295673370361,16330,3.5731549174619373,3.434103012084961,4532,1174.0,0.2775260257195346,78.66823083706353,25.31196231766948,Central,194.19,205.19,2,0.2090072065930773,0.3015336604618877,0.9463911496661631,76045.70000000001,7,0.8456278171610502
Panna,4.180798877256691,4.131826400756836,87019,3.8307017383181,3.82908296585083,54593,1964.0,0.6273687355634976,80.14578931134463,24.450539738349,East,128698.8,129640.66,3,0.04802800955097122,0.043716978270102395,0.9927348410598958,208123.23,13,1.103606237613454
Raisen,3.875093784600144,3.9480676651000977,102962,3.891241618897834,3.989216327667236,48323,2197.0,0.4693284901225695,78.17370291703453,23.266443292264203,Central,264421.89,270264.44,3,0.11189327209610087,0.10184964545750112,0.9783820986586323,334869.8,11,0.7453788795844962
Rajgarh,4.210741546262943,4.311479568481445,75233,2.2378921183210347,2.2453739643096924,2812,1398.0,0.0373772147860646,76.77439000967232,23.871480894564904,Central,129.74,37186.71,2,0.02322348340305997,0.03350440433776177,0.003488880839418169,472472.55,11,0.33271245109949943
Ratlam,3.880180035797705,3.9508798122406006,59082,2.1260213076317296,2.0938875675201416,2619,1277.0,0.0443282217934396,74.95597889993383,23.50282917824993,West,9.21,29038.57,3,0.6771169327023066,0.6163383931588837,0.0003171643782734481,329058.09,9,0.3707067394449647
Rewa,4.367276537666365,4.241925239562988,77390,4.41694533536315,4.291624546051025,67658,2275.0,0.8742473187750356,81.65460733996937,24.75624011760435,East,288452.79,288749.76999999996,2,0.008103715420060898,0.011691190049297282,0.9989714970162574,307759.05,11,0.33791622466590543
Sagar,4.300670254129708,4.3008246421813965,125251,3.502447953017669,3.5951695442199707,27223,1704.0,0.2173475660872967,78.75811698821195,23.80655635049527,Central,41954.88,99215.61,4,0.7180184654955929,0.5179408397185976,0.42286571639281356,519148.04000000004,13,1.1061575645086161
Satna,4.500023693730774,4.437106609344482,92324,4.46677127410307,4.396379470825195,72553,2400.0,0.7858519994800919,80.80880893891384,24.577405645724745,East,238821.58,239021.56,3,0.007194942171390967,0.006549118597711731,0.9991633390728434,282900.31,12,0.6520893098219646
Sehore,4.126148297052325,4.130227088928223,79656,3.326172482428314,3.5248310565948486,16077,2518.0,0.2018303705935522,77.06899748032505,23.11513042600513,Central,38857.9,54250.06,3,0.5978390317591795,0.5441765379158128,0.7162738621855903,390444.63,10,0.50146686130293
Seoni,4.572686926388495,4.528515815734863,105690,4.189295512466955,4.1590576171875,52579,2024.0,0.4974832056012868,79.71975551910263,22.27546831531445,Central,170495.49,358173.0,4,0.7124654223990425,0.5139351658499797,0.47601435619100263,366241.15,14,0.8349159018282012
Shahdol,4.360127925032501,4.397317886352539,69230,4.085031902576104,4.058822154998779,60673,1643.0,0.8763975155279503,81.43055618740773,23.653020611667635,East,153780.16,156076.03,4,0.07831274200217843,0.056490702262479826,0.9852900538282529,177232.26,14,0.6153790152582784
Shajapur,4.236299555352393,4.359509468078613,42112,1.8388597477696471,1.676159143447876,1247,1180.0,0.0296115121580547,76.60302611240435,23.41793457326544,Central,25.11,413.09000000000003,2,0.22912418647524702,0.330556327575557,0.06078578517998499,288679.2,10,0.02498625182902276
Sheopur,4.214510919364692,4.1717071533203125,81850,4.93489847715736,4.588037967681885,13790,2548.0,0.1684789248625534,76.92150827712152,25.749585153987177,Central,70355.03,72461.91,3,0.13430304282769417,0.12224789783711136,0.9709243104411682,152874.47,11,1.4611836529897617
Shivpuri,4.334486712598425,4.3615264892578125,127000,3.7322374032620456,3.5934300422668457,36051,2146.0,0.2838661417322835,77.8280499835638,25.374289356011005,Central,57577.89,75293.85,4,0.5699625995226647,0.41114110791176534,0.7647090698642717,420304.67,12,1.4617203526273839
Sidhi,4.797416134800315,4.750845909118652,58442,4.241720860053842,4.159626007080078,45689,2161.0,0.781783648745765,81.69956198397881,24.209391585506584,East,96434.96,98576.84000000001,2,0.10469015986587571,0.15103597446837166,0.9782719754457537,132415.28,10,1.0055727195785442
Singrauli,4.061497409124419,4.121072769165039,70536,3.746550605736025,3.746803045272827,54149,1882.0,0.7676789157309742,82.38342408272804,24.2442594972828,East,84915.03,91464.66,3,0.2602194945337097,0.23686199145759043,0.9283916870187895,138177.38999999998,12,1.3136126928674496
Tikamgarh,4.561492144525452,4.610721111297607,45812,3.5949551275245377,3.534213066101074,10596,1172.0,0.2312931109752903,79.04734066033075,24.85553312808708,Central,673.8,842.79,2,0.5011121942039976,0.7229520775070944,0.7994874167942192,224847.06999999998,9,0.960835347442052
Umaria,4.810675476976043,4.773526191711426,55768,4.367914001056462,4.237029075622559,42595,1307.0,0.7637892698321618,80.94169180367176,23.643451353017603,East,82235.72,84419.59,3,0.12142313404958317,0.11052409963189938,0.9741307675149808,101808.82,11,0.8000752193556252
Vidisha,3.909596386589497,3.9284322261810303,89154,3.349336958511717,3.470302104949951,17752,1779.0,0.1991161361240101,77.83570470829531,23.846425191481643,Central,60367.69,67906.24,3,0.36168871941263403,0.3292232602378072,0.8889859017374544,500172.32,13,0.6075481672865809
West Nimar,3.6366895536139454,3.629874229431152,96598,2.666473537422012,2.593174934387207,10258,1114.0,0.1061926747965796,75.75142132216953,21.953409728778407,West,16.74,267431.12,4,0.49032704550744394,0.35369619848366324,6.259555731584267e-05,372073.37,13,1.013189441710539
