district,n_px,mean,median,p25,p75,p90,p95,sd,iqr,frac_gt4,frac_gt5,sum,mean_top10pct,skew,yield_kg_ha,rice_area,band
Alirajpur,15567,3.8087692,3.8720205,3.2795774936676025,4.398499965667725,4.892051792144775,5.198434495925903,0.9882052,1.118922472000122,0.4342519432132074,0.07920601271921372,59291.11,5.4054546,2.0310786597620454,1441.0,4067.09,West
Anuppur,34488,4.2999225,4.2472005,3.7532045245170593,4.787336468696594,5.475411844253539,6.062757468223571,1.0206575,1.034131944179535,0.6335247042449548,0.1847309209000232,148295.72,6.2763615,1.197811970647322,1486.0,119003.58,East
Ashoknagar,10864,3.279292,3.291057,2.669947624206543,3.9321144819259644,4.492147159576417,4.84838342666626,1.0269197,1.2621668577194214,0.2262518409425626,0.03571428571428571,35626.23,5.041038,0.33913750156107986,2167.0,24924.84,Central
Balaghat,94740,5.496159,5.3833256,4.7108012437820435,6.105928659439087,6.712135457992554,7.1363408327102675,2.8297503,1.3951274156570435,0.9235486594891281,0.6429596791218071,520706.1,8.208305,67.5427190798061,1837.0,250344.86,East
Barwani,8781,2.9204106,2.6142886,1.9095088243484497,3.8690271377563477,4.750428199768066,5.116482734680176,1.4065189,1.959518313407898,0.22742284477849903,0.06479899783623733,25644.125,5.3830085,6.972324880499498,1144.0,74.49,West
Betul,38823,3.9083617,4.0257587,3.329720377922058,4.631771802902222,5.191141128540039,5.529717588424683,1.4786679,1.3020514249801636,0.5106251448883394,0.1421064832702264,151734.33,5.7576613,30.23264099544788,1755.0,29577.84,Central
Bhind,25821,3.5890095,3.6675055,2.419358491897583,4.619948387145996,5.517818450927734,6.012210845947266,1.5307037,2.200589895248413,0.4137717361837264,0.17563223732620736,92671.81,6.1892023,1.2485746315643358,2578.0,28535.75,Central
Bhopal,9248,3.244634,3.2152934,2.6520203948020935,3.7989696264266968,4.283091115951539,4.6095080137252795,1.3097084,1.1469492316246033,0.17755190311418684,0.02184256055363322,30006.375,5.1457877,9.726990830512138,2185.0,22937.75,Central
Burhanpur,10136,3.193402,3.180221,2.4488815665245056,3.7636852860450745,4.360766172409058,4.906891703605652,2.5582435,1.3148037195205688,0.17373717442778217,0.045876085240726124,32368.324,5.7714067,48.92724703586045,1192.0,220.14,Central
Chhatarpur,40721,3.3850007,3.3888497,2.604395627975464,4.0376996994018555,4.663954257965088,5.13728141784668,1.3707609,1.4333040714263916,0.26175683308366693,0.06073033569902507,137840.61,5.568989,11.781878012129404,1277.0,1016.14,Central
Chhindwara,51067,4.0794153,4.1171613,3.424905300140381,4.722656726837158,5.300226497650146,5.674788045883178,2.0723834,1.2977514266967773,0.5488084281434195,0.16497934086592125,208323.5,6.2915382,44.17161133715882,1840.0,27913.0,Central
Damoh,49000,3.7941785,3.7609842,3.1186699271202087,4.350171685218811,4.895080947875976,5.2905282974243155,1.6808805,1.2315017580986023,0.3925918367346939,0.08293877551020408,185914.75,6.049929,21.72368313034151,2273.0,84017.74,Central
Datia,25023,4.3955393,4.551102,3.9046010971069336,5.064682245254517,5.489871692657471,5.759920597076415,1.2078359,1.160081148147583,0.7232146425288735,0.2784238500579467,109989.58,5.9822845,11.335873295468476,1495.0,90979.25,Central
Dewas,11371,3.1193566,3.3541927,2.5515012741088867,3.816875696182251,4.182004451751709,4.432547569274902,1.217088,1.2653744220733643,0.16278251692902998,0.009673731422038518,35470.203,4.6671047,9.816910176742802,1292.0,82.87,Central
Dindori,36972,4.542791,4.322897,3.684973657131195,5.200289726257324,6.257057189941406,6.857287573814387,2.3899899,1.5153160691261292,0.6307205452775073,0.29208590284539654,167956.06,7.66762,31.678748572553157,1398.0,113384.65,East
East Nimar,19556,2.8672457,3.2249646,1.9698244035243988,3.726555824279785,4.081861734390259,4.309860944747925,1.3404133,1.7567314207553864,0.1263039476375537,0.0068521169973409695,56071.855,4.532487,8.535069064119796,1168.0,436.93,Central
Guna,7089,3.189513,3.1677063,2.5860443115234375,3.7556228637695312,4.429905223846435,4.895935821533202,1.8792076,1.1695785522460938,0.1847933417971505,0.043870785724361684,22610.457,5.442201,28.83756907603633,2143.0,14377.52,Central
Gwalior,28069,4.3523917,4.498842,3.447636842727661,5.337340831756592,5.931207656860352,6.2408371925354,1.3194885,1.8897039890289307,0.6290925932523425,0.3528091488831095,122167.28,6.3532386,0.009162016585561667,2548.0,85814.83,Central
Harda,8361,3.401792,3.6665263,2.798323392868042,4.115823745727539,4.52351188659668,4.7338385581970215,1.0525631,1.317500352859497,0.30881473507953594,0.02427939241717498,28442.383,4.8444786,-0.8059049934047637,2117.0,3035.88,Central
Hoshangabad,43483,4.0273485,4.1446333,3.380784273147583,4.77811861038208,5.334664821624756,5.755009698867798,1.32489,1.397334337234497,0.5590690614722995,0.1762757859393326,175121.2,6.0135856,6.424275780154378,2534.0,194133.82,Central
Indore,2917,2.551451,2.5614614,1.7367802858352661,3.30346417427063,3.979650306701661,4.401167869567871,1.1874244,1.5666838884353638,0.09941720946177579,0.023311621528968117,7442.5825,4.6828003,0.5546247265537505,1428.0,5.02,West
Jabalpur,46126,4.066319,3.9518576,3.1948463320732117,4.854180812835693,5.701886892318726,6.225859999656677,1.507354,1.6593344807624817,0.48291635953692064,0.2185535272948012,187563.03,6.7090883,4.608107552674199,2227.0,139734.94,Central
Jhabua,6610,3.0739381,3.257122,2.416838824748993,3.8008790612220764,4.175071763992309,4.393182229995727,0.9849093,1.3840402364730835,0.1655068078668684,0.00892586989409985,20318.73,4.5234323,-0.42601366475662966,1192.0,2574.68,West
Katni,49966,4.448723,4.3944006,3.6080159544944763,5.189914703369141,5.93330192565918,6.425022721290588,1.3831066,1.5818987488746643,0.6306688548212784,0.3041468198374895,222284.88,6.827773,8.165112515446877,2367.0,178897.51,East
Mandla,60392,4.405509,4.180979,3.5698850750923157,5.093733906745911,6.1317410469055185,6.714657783508298,2.1014352,1.523848831653595,0.5732878526957212,0.26813154060140415,266057.5,7.3336234,50.64493657352781,1882.0,165249.87,East
Mandsaur,3785,2.7459538,2.7406938,2.0100624561309814,3.442002058029175,3.991264009475708,4.311123943328857,1.0163882,1.4319396018981934,0.0977542932628798,0.01690885072655218,10393.436,4.5605335,0.38082286540860455,1198.0,0.84,West
Morena,11039,4.4422207,4.6216726,3.550997257232666,5.502445220947266,6.260407733917236,6.6868058204650875,1.5343351,1.9514479637145996,0.6655494157079446,0.3868103994927077,49037.67,6.810203,-0.22037774234740642,2433.0,4596.92,Central
Narshimapura,40325,3.9888244,4.0473566,3.452547788619995,4.572140693664551,5.131275081634521,5.538873195648193,1.064436,1.1195929050445557,0.5226782393056416,0.12481091134531928,160849.34,5.786705,0.7663793723655038,2306.0,75619.06,Central
Nimach,5089,2.8515348,2.877698,2.4395830631256104,3.2495129108428955,3.7023285388946534,4.055486774444578,0.78588754,0.8099298477172852,0.057575162114364316,0.01002161524857536,14511.461,4.2737346,0.7700899697735424,787.0,243.57,West
Nivari,4532,3.5731554,3.434103,2.768063247203827,4.301936864852905,5.283981800079346,5.764125323295591,1.2823712,1.5338736176490784,0.3109002647837599,0.1381288614298323,16193.54,6.0160527,1.5586439248521353,1174.0,194.19,Central
Panna,54591,3.830847,3.8291059,3.2148935794830322,4.410390138626099,5.015227317810059,5.472696781158447,1.2655715,1.1954965591430664,0.42259713139528493,0.10230624095546885,209129.77,5.781348,18.088047500407644,1964.0,128698.8,East
Raisen,48273,3.8954105,3.9902456,3.4135289192199707,4.460659503936768,4.892983913421631,5.1923583984375,0.9888039,1.0471305847167969,0.4947900482671473,0.07751745282041721,188043.16,5.3757105,5.035889110109779,2197.0,264421.89,Central
Rajgarh,2791,2.2556303,2.2583694,1.3831682205200195,3.019179344177246,3.642136812210083,4.0871851444244385,1.0948957,1.6360111236572266,0.057327122895019705,0.003941239699032604,6295.464,4.1952634,0.5367903577182164,1398.0,129.74,Central
Ratlam,2617,2.1276672,2.094341,1.4664721488952637,2.7482993602752686,3.28634204864502,3.6958501815795897,0.9376823,1.2818272113800049,0.025219717233473445,0.003056935422239205,5568.105,3.8269653,0.5703607638237205,1277.0,9.21,West
Rewa,67657,4.417012,4.2916327,3.6118569374084473,5.098208904266357,5.905551624298096,6.411168098449707,1.5906084,1.4863519668579102,0.6069586295579171,0.2749604623320573,298841.78,6.837055,18.15951936371625,2275.0,288452.79,East
Sagar,27183,3.507773,3.5967276,2.9755687713623047,4.178263902664185,4.613184642791747,4.871852731704712,1.3237451,1.2026951313018799,0.3199793988890115,0.03487473788765037,95351.79,5.112966,31.508879415579084,1704.0,41954.88,Central
Satna,72548,4.4670873,4.3964868,3.6222110390663147,5.196956038475037,5.972452068328858,6.431955051422117,1.7879338,1.574744999408722,0.6369024645751779,0.3047913105805811,324078.25,6.9732566,22.235441161273332,2400.0,238821.58,East
Sehore,16058,3.3302085,3.5263557,2.649313747882843,4.15283465385437,4.664075136184692,4.921110343933106,1.2545174,1.503520905971527,0.3052684020425956,0.039793249470668826,53476.49,5.1021347,1.9983094401165666,2518.0,38857.9,Central
Seoni,52413,4.2030687,4.165256,3.378263235092163,4.982267379760742,5.684935474395752,6.1553079605102505,2.7550645,1.604004144668579,0.5532024497739111,0.2450727872855971,220295.45,6.899182,79.42392411787891,2024.0,170495.49,Central
Shahdol,60664,4.085673,4.059046,3.4396049976348877,4.640820622444153,5.296703481674196,5.792547273635864,1.3385894,1.2012156248092651,0.5278913358828959,0.15229790320453646,247853.25,6.195509,16.888227604374705,1643.0,153780.16,East
Shajapur,1232,1.862707,1.6931052,1.1279857158660889,2.391315460205078,3.350702381134034,3.8837087273597724,1.0535122,1.2633297443389893,0.03571428571428571,0.008928571428571428,2294.855,4.0330863,0.9545277174645032,1180.0,25.11,Central
Sheopur,13787,4.935995,4.5886965,3.560460925102234,6.435320138931274,7.384963417053222,7.910798215866088,1.9094303,2.8748592138290405,0.6200768840211793,0.45078697323565675,68052.56,8.161123,1.579837840756924,2548.0,70355.03,Central
Shivpuri,36050,3.732347,3.5935311,2.953732967376709,4.479347467422485,5.321398735046388,5.738852620124812,1.7023602,1.5256145000457764,0.36413314840499306,0.14904299583911235,134551.11,6.031911,43.89347506851901,2146.0,57577.89,Central
Sidhi,45689,4.2417207,4.159626,3.481574773788452,4.868440628051758,5.750577259063722,6.300034427642822,2.202874,1.3868658542633057,0.5644903587296723,0.21703254612707654,193799.97,6.8595257,54.76666531730041,2161.0,96434.96,East
Singrauli,54145,3.7468443,3.7469115,3.0885183811187744,4.3972859382629395,5.0454559326171875,5.4558150291442855,1.0668732,1.308767557144165,0.39307415273801827,0.1071197709853172,202872.89,5.6271024,1.1379128091990465,1882.0,84915.03,East
Tikamgarh,10595,3.595298,3.5342681,2.9469027519226074,4.122498512268066,4.8128584861755375,5.544324731826782,1.5408686,1.175595760345459,0.290703161868806,0.08258612553091081,38092.184,5.859704,28.9762757038207,1172.0,673.8,Central
Umaria,42587,4.368774,4.2372274,3.589151620864868,4.957155227661133,5.822783756256103,6.382163190841674,2.1222045,1.3680036067962646,0.5983750909902082,0.2386878624932491,186052.97,7.110379,38.176392534411605,1307.0,82235.72,East
Vidisha,17738,3.3520496,3.4711394,2.8255094289779663,4.010526061058044,4.443033218383789,4.722309112548828,1.0095584,1.1850166320800781,0.2540872702672229,0.024072612470402526,59458.656,4.8741703,0.46793466260450733,1779.0,60367.69,Central
West Nimar,10255,2.6672592,2.5933506,1.8886399269104004,3.31762433052063,4.031069278717042,4.455707693099975,1.429945,1.4289844036102295,0.10326669917113603,0.017454900048756702,27352.744,4.858896,14.635581102501359,1114.0,16.74,West
