district,gcvi_raw,med_raw,npx_raw,gcvi_jordi,med_jordi,npx_jordi,yield_kg_ha,rice_px_frac,production,gcvi_x_px
Alirajpur,4.1365448928340545,4.243627548217773,40218,3.8087686492259265,3.8720204830169678,15567,1441.0,0.3870654930628077,5861.23,59291.1015625
Anuppur,4.510080755356362,4.378776550292969,45740,4.299921802511018,4.2472004890441895,34488,1486.0,0.7540008745080892,176830.39,148295.703125
Ashoknagar,4.387529298554963,4.489105224609375,58130,3.278384386215147,3.291053295135498,10867,2167.0,0.1869430586616205,54008.33,35626.203125
Balaghat,5.700548321460334,5.6383795738220215,111317,5.496159225248047,5.383325576782227,94740,1837.0,0.8510829433060538,459878.14,520706.125
Barwani,3.611193519596727,3.6966352462768555,65266,2.91970150076853,2.614288568496704,8783,1144.0,0.13457236539699077,85.22,25643.73828125
Betul,4.4134122118787,4.414006233215332,120956,3.905502351934313,4.024259090423584,38851,1755.0,0.3211994444260723,51917.03,151732.671875
Bhind,2.848276346551569,2.715486526489258,55605,3.5883082334662744,3.667461395263672,25826,2578.0,0.4644546353745167,73577.37,92671.6484375
Bhopal,3.9202279189060785,4.004522323608398,33677,3.243162162572957,3.2150192260742188,9252,2185.0,0.2747275588680702,50119.11,30005.736328125
Burhanpur,3.7013073311431306,3.7216649055480957,38657,3.193084623470948,3.1801950931549072,10137,1192.0,0.26222935044105855,262.48,32368.298828125
Chhatarpur,4.2007870300910515,4.296189308166504,106643,3.384664671577655,3.3886711597442627,40725,1277.0,0.3818816049811052,1297.73,137840.46875
Chhindwara,4.640735505846823,4.613212585449219,142385,4.0756809666816665,4.115474224090576,51113,1840.0,0.35897742037433716,51360.06,208320.28125000003
Damoh,4.342562612183083,4.3066325187683105,89140,3.7941782525510206,3.760984182357788,49000,2273.0,0.549697105676464,190952.93,185914.734375
Datia,4.080582295453863,4.181324005126953,33281,4.395538916696639,4.551102161407471,25023,1495.0,0.7518704365854392,136014.34,109989.57031249999
Dewas,3.7962055069528664,3.9329562187194824,84929,3.1057653622569625,3.349099636077881,11418,1292.0,0.13444171013434753,107.03,35461.62890625
Dindori,4.767702677955877,4.4137163162231445,69624,4.542791250811425,4.322896957397461,36972,1398.0,0.5310237849017581,158530.07,167956.078125
East Nimar,3.269114077669903,3.6091318130493164,89919,2.7595891552285967,3.170546054840088,20254,1168.0,0.22524716689464963,510.4,55892.71875
Guna,4.29073040436949,4.250251770019531,78270,3.1890550621473905,3.167346715927124,7090,2143.0,0.0905838763255398,30805.82,22610.400390625
Gwalior,3.8362860632031883,3.7379350662231445,56706,4.352391372599665,4.498841762542725,28069,2548.0,0.494991711635453,218670.31,122167.27343749999
Harda,4.493230201092354,4.48873233795166,40280,3.379667720343516,3.6618993282318115,8413,2117.0,0.20886295928500498,6427.61,28433.14453125
Hoshangabad,4.419207694210787,4.534173011779785,80840,4.010164231068762,4.139937400817871,43658,2534.0,0.5400544285007423,491864.88,175075.75
Indore,4.018765535752062,4.1598944664001465,47270,2.5032666147237195,2.538052797317505,2968,1428.0,0.06278823778294902,7.17,7429.695312499999
Jabalpur,4.185869049062399,4.147066116333008,61860,4.066137297303157,3.95182204246521,46128,2227.0,0.7456838021338507,311242.01,187562.78125
Jhabua,3.845923665540136,3.9311928749084473,41721,3.0710853659688633,3.2563529014587402,6616,1192.0,0.15857721531123414,3069.97,20318.30078125
Katni,4.671536307070773,4.666431903839111,61634,4.448082276929542,4.3941497802734375,49973,2367.0,0.8108024791511179,423376.21,222284.015625
Mandla,4.664060951709863,4.484529495239258,90826,4.401075871366892,4.179448127746582,60451,1882.0,0.6655693303679563,311061.97,266049.4375
Mandsaur,3.372200956937799,3.518728733062744,67925,2.7451545888635764,2.7406716346740723,3786,1198.0,0.05573794626426205,1.0,10393.1552734375
Morena,3.577695729322582,3.545825481414795,62133,4.442220479663013,4.621672630310059,11039,2433.0,0.17766726216342363,11185.07,49037.671875
Narshimapura,4.26519910775952,4.29207706451416,62259,3.9886199847496715,4.047249794006348,40327,2306.0,0.6477296455130985,174382.0,160849.078125
Nimach,3.522151165278412,3.6082892417907715,52584,2.848087125858685,2.8773226737976074,5095,787.0,0.09689259090217557,191.65,14511.00390625
Nivari,4.360993474433558,4.414295673370361,16330,3.5731549174619373,3.434103012084961,4532,1174.0,0.2775260257195346,228.02,16193.5380859375
Panna,4.180798877256691,4.131826400756836,87019,3.8307017383180995,3.82908296585083,54593,1964.0,0.6273687355634976,252775.28,209129.5
Raisen,3.8750937846001436,3.9480676651000977,102962,3.8912416188978334,3.9892163276672363,48323,2197.0,0.4693284901225695,580964.27,188036.46875
Rajgarh,4.210741546262943,4.311479568481445,75233,2.2378921183210347,2.2453739643096924,2812,1398.0,0.03737721478606463,181.4,6292.95263671875
Ratlam,3.880180035797705,3.9508798122406006,59082,2.1260213076317296,2.0938875675201416,2619,1277.0,0.04432822179343963,11.76,5568.0498046875
Rewa,4.367276537666365,4.241925239562988,77390,4.41694533536315,4.291624546051025,67658,2275.0,0.8742473187750356,656110.38,298841.6875
Sagar,4.300670254129708,4.3008246421813965,125251,3.502447953017669,3.5951695442199707,27223,1704.0,0.21734756608729672,71483.58,95347.140625
Satna,4.500023693730774,4.437106609344482,92324,4.46677127410307,4.396379470825195,72553,2400.0,0.7858519994800919,573141.89,324077.65625
Sehore,4.126148297052325,4.130227088928223,79656,3.326172482428314,3.5248310565948486,16077,2518.0,0.20183037059355227,97840.37,53474.875
Seoni,4.572686926388495,4.528515815734863,105690,4.189295512466955,4.1590576171875,52579,2024.0,0.4974832056012868,345083.78,220268.96875
Shahdol,4.360127925032501,4.397317886352539,69230,4.085031902576104,4.058822154998779,60673,1643.0,0.8763975155279503,252705.99,247851.14062499997
Shajapur,4.236299555352393,4.359509468078613,42112,1.8388597477696471,1.676159143447876,1247,1180.0,0.02961151215805471,29.64,2293.05810546875
Sheopur,4.214510919364692,4.1717071533203125,81850,4.93489847715736,4.588037967681885,13790,2548.0,0.16847892486255345,179276.21,68052.25
Shivpuri,4.334486712598425,4.3615264892578125,127000,3.7322374032620456,3.5934300422668457,36051,2146.0,0.2838661417322835,123542.79,134550.890625
Sidhi,4.797416134800315,4.750845909118652,58442,4.241720860053842,4.159626007080078,45689,2161.0,0.781783648745765,208376.2,193799.984375
Singrauli,4.061497409124419,4.121072769165039,70536,3.7465506057360245,3.746803045272827,54149,1882.0,0.7676789157309742,159841.79,202871.96875
Tikamgarh,4.5614921445254515,4.610721111297607,45812,3.5949551275245377,3.534213066101074,10596,1172.0,0.23129311097529032,789.56,38092.14453125
Umaria,4.810675476976043,4.773526191711426,55768,4.367914001056462,4.237029075622559,42595,1307.0,0.7637892698321618,107512.67,186051.296875
Vidisha,3.909596386589497,3.9284322261810303,89154,3.349336958511717,3.470302104949951,17752,1779.0,0.19911613612401013,107423.0,59457.42968750001
West Nimar,3.6366895536139463,3.6298742294311523,96598,2.666473537422012,2.593174934387207,10258,1114.0,0.10619267479657964,18.64,27352.685546875
