year,n_lo,n_hi,dr_low,dr_high,diff
2013,25,24,0.3391387950359956,0.2298118670977528,-0.10932692793824278
2014,22,21,0.43605885064782424,-0.02514635170311733,-0.4612052023509416
2015,21,21,0.40644019647521323,0.13951524860023173,-0.2669249478749815
2016,17,17,0.21154629296854843,0.1269813209610979,-0.08456497200745053
2017,23,22,0.4440311476687127,0.12707270649293526,-0.31695844117577743
2018,26,25,0.30988351354895205,0.05136073641128225,-0.2585227771376698
2019,25,25,0.3389832693899213,0.347321165746305,0.008337896356383712
2020,26,26,0.7551322719784072,0.2758076928044885,-0.47932457917391863
2021,26,25,0.35794157679044075,0.2962914936255917,-0.061650083164849045
2022,26,26,0.48753250743424603,0.6030670531747686,0.11553454574052258
2023,25,24,0.17089003666938363,0.5328861901052746,0.361996153435891
2024,26,26,0.13835944436909176,0.37413234696586123,0.23577290259676947
