year,n,raw,jordi,dr,rshare
2013,49,0.14999095229282758,0.4319316340086022,0.2819406817157746,0.3296747387130828
2014,43,-0.13465593786273827,0.170864407308492,0.3055203451712303,0.02309688777675016
2015,42,-0.14007579250099095,0.18368254844791324,0.3237583409489042,0.05702404622749782
2016,34,0.2589631886873914,0.49756635820600803,0.23860316951861665,0.5216395236555281
2017,45,0.15862751637510947,0.42789126672824146,0.269263750353132,0.4581457347407241
2018,51,0.11725655169675687,0.5107115734110089,0.39345502171425206,0.4721417448039732
2019,50,0.2195998879348089,0.5833775948582632,0.36377770692345435,0.47269203874959714
2020,52,-0.12493658153574567,0.6414088518729055,0.7663454334086512,0.4889085006016211
2021,51,0.2273557790571361,0.5654399174417668,0.3380841383846307,0.48940018806234203
2022,52,-0.08163596403344867,0.6110509407909063,0.6926869048243549,0.46565548636985665
2023,49,0.11944786542225105,0.6169767303188575,0.4975288648966064,0.43858644732983987
2024,52,0.47392073587180134,0.7190104500810887,0.24508971420928732,0.6101019938602608
