label,sR2_raw,sR2_mask,dsR2_KEEP,sR2_raw_ZERO,sR2_mask_ZERO,dsR2_ZERO
Andhra Pradesh,-0.055695999999999996,0.00032399999999999996,0.05601999999999999,-0.055833738764852106,0.00033178342072829323,0.0561655221855804
Assam,0.054289000000000004,0.068121,0.013831999999999997,0.0541810772675617,0.06831483598701837,0.014133758719456671
Bihar,0.2304,0.256036,0.025635999999999992,0.23061242349001118,0.2563423446873196,0.02572992119730841
Chandigarh,-0.010608999999999999,-0.034225,-0.023615999999999998,-0.010581364509089693,-0.03405735046154952,-0.023475985952459828
Chhattisgarh,0.031328999999999996,0.364816,0.333487,0.0313082872508826,0.3648484961037481,0.3335402088528655
Gujarat,0.0018489999999999997,0.030975999999999997,0.029126999999999997,0.0018415716552558502,0.4435918470005215,0.4417502753452657
Haryana,0.5314409999999999,0.151321,-0.3801199999999999,0.5310788621099499,0.719581023772095,0.18850216166214506
Himachal Pradesh,0.000256,0.027225000000000003,0.026969000000000003,0.00024895485997056927,0.34541229985082766,0.3451633449908571
Jharkhand,0.12744899999999998,0.256036,0.128587,0.1276178313139352,0.2565066638223867,0.12888883250845148
Karnataka,-0.0064,0.091809,0.098209,-0.0063262062074840005,0.7179939535404,0.724320159747884
Kerala,-0.07672900000000002,0.000676,0.07740500000000002,-0.07682039993033161,0.3274545950596755,0.40427499499000713
Madhya Pradesh,0.04409999999999999,0.234256,0.190156,0.04417816985216733,0.5241645376376011,0.47998636778543374
Maharashtra,0.190969,-0.064516,-0.255485,0.19089036202926127,0.13904314662972678,-0.05184721539953449
Manipur,-0.505521,0.089401,0.594922,-0.5052010978383684,0.3806902713040825,0.8858913691424509
Meghalaya,-0.126025,-0.005776,0.120249,-0.12600485137121994,-0.005736404530876577,0.12026844684034337
Mizoram,-0.0484,0.08179599999999998,0.13019599999999998,-0.04838157071009643,0.5602448656737735,0.6086264363838699
Nagaland,-0.08643599999999999,0.012544000000000001,0.09897999999999998,-0.0864434788457825,0.9020379493880011,0.9884814282337836
Odisha,0.042435999999999995,0.16646399999999997,0.12402799999999997,0.042484672003469545,0.16686058464149398,0.12437591263802443
Puducherry,0.15288100000000002,0.30030400000000007,0.14742300000000005,0.15317876037504646,0.300203211748275,0.14702445137322856
Punjab,0.394384,0.33988899999999994,-0.05449500000000007,0.39441469639352555,0.34019691587250983,-0.054217780521015724
Rajasthan,-0.054756000000000006,0.293764,0.34852000000000005,-0.054552410171943684,0.7140760688508916,0.7686284790228353
Tamil Nadu,0.012544000000000001,0.005625,-0.0069190000000000015,0.012485621793708598,0.35728969322234994,0.34480407142864133
Telangana,0.0324,0.188356,0.15595599999999998,0.03256780668710228,0.188194495536989,0.15562668884988673
Tripura,-0.037249000000000004,-0.063001,-0.025751999999999997,-0.03742089376118529,-0.06282001805029824,-0.02539912428911295
Uttar Pradesh,0.131769,0.047961,-0.083808,0.1320034773311532,0.7720876563374365,0.6400841790062832
Uttarakhand,0.011663999999999999,0.419904,0.40824,0.01166324894854124,0.7496307269556309,0.7379674780070897
West Bengal,-0.006241,0.059536,0.065777,-0.006203759525644027,0.059611763790880526,0.06581552331652456
