predictor,src,rel_KEEP,p_rel_KEEP,n,rel_COMMON,p_rel_COMMON,delta_COMMON,p_delta_COMMON
Baseline r (raw GCVI vs yield),MECHANICAL,-0.4729,0.0127,27,-0.4808,0.0111,-0.5911,0.0012
Rice share (rice / total land area),CENSUS,-0.3013,0.1267,27,-0.3368,0.0858,-0.2709,0.1717
Mask retention (fraction of px kept),MAP,-0.0957,0.6349,27,-0.0628,0.7556,-0.104,0.6056
MAP crop entropy mean,MAP,-0.2263,0.2564,27,-0.0616,0.76,-0.1589,0.4284
Census crop entropy mean,CENSUS,-0.0785,0.6972,27,-0.0505,0.8026,-0.0923,0.6471
Rice share CV (across districts),CENSUS,-0.0552,0.7887,26,-0.0376,0.8553,0.0593,0.7737
Census crop entropy CV,CENSUS,-0.0442,0.8304,26,0.0221,0.9148,-0.0201,0.9223
MAP crop entropy CV,MAP,0.2262,0.2665,26,0.015,0.9422,0.1363,0.5067
Rice share (rice / all 30 crops),CENSUS,0.0667,0.741,27,0.0102,0.9599,0.0044,0.9825
Rice share (rice / 5-crop area),CENSUS,0.0066,0.9738,27,0.0027,0.9892,-0.0991,0.6227
