predictor,src,r_OLD,p_OLD,r_NEW,p_NEW,n,r_delta,p_delta,sig_old,sig_new
Baseline r (raw GCVI vs yield),MECHANICAL,-0.3939,0.042,-0.5786,0.0016,27,-0.6878,0.0001,*,*
Rice share (rice / total land area),CENSUS,-0.219,0.2724,-0.3014,0.1266,27,-0.2601,0.1902,,
MAP crop entropy CV,MAP,0.649,0.0003,0.2264,0.2661,26,0.4445,0.0229,*,
MAP crop entropy mean,MAP,-0.4657,0.0144,-0.2263,0.2564,27,-0.3542,0.0699,*,
Mask retention (fraction of px kept),MAP,-0.48,0.0113,-0.0959,0.6341,27,-0.192,0.3372,*,
Census crop entropy mean,CENSUS,0.2219,0.2659,-0.0784,0.6975,27,-0.0911,0.6512,,
Rice share (rice / all 30 crops),CENSUS,-0.2179,0.2749,0.0666,0.7415,27,0.0618,0.7595,,
Rice share CV (across districts),CENSUS,0.3873,0.0506,-0.055,0.7897,26,0.1268,0.537,,
Census crop entropy CV,CENSUS,-0.1841,0.3679,-0.0441,0.8306,26,-0.1112,0.5886,,
Rice share (rice / 5-crop area),CENSUS,-0.5096,0.0066,0.0063,0.9752,27,-0.1592,0.4277,*,
