predictor,src,rel_ZERO,p_ZERO,n_ZERO,rel_KEEP,p_KEEP,n_KEEP,rel_COMMON,p_COMMON,n_COMMON
MAP crop entropy CV,MAP,0.649,0.0003,26,0.2262,0.2665,26,0.015,0.9422,26
Rice share (rice / 5-crop area),CENSUS,-0.5096,0.0066,27,0.0066,0.9738,27,0.0027,0.9892,27
Mask retention (fraction of px kept),MAP,-0.48,0.0113,27,-0.0957,0.6349,27,-0.0628,0.7556,27
MAP crop entropy mean,MAP,-0.4657,0.0144,27,-0.2263,0.2564,27,-0.0616,0.76,27
Baseline r (raw GCVI vs yield),MECHANICAL,-0.3939,0.042,27,-0.5783,0.0016,27,-0.4808,0.0111,27
Rice share CV (across districts),CENSUS,0.3873,0.0506,26,-0.0552,0.7887,26,-0.0376,0.8553,26
Census crop entropy mean,CENSUS,0.2219,0.2659,27,-0.0785,0.6972,27,-0.0505,0.8026,27
Rice share (rice / total land area),CENSUS,-0.219,0.2724,27,-0.3013,0.1267,27,-0.3368,0.0858,27
Rice share (rice / all 30 crops),CENSUS,-0.2179,0.2749,27,0.0667,0.741,27,0.0102,0.9599,27
Census crop entropy CV,CENSUS,-0.1841,0.3679,26,-0.0442,0.8304,26,0.0221,0.9148,26
