predictor,group,outcome,r,p,spearman,n
Rice share (rice / 5-crop area),CENSUS,Δr,-0.4689889026345161,0.013598111820709137,-0.5016028145755528,27
Rice share (rice / 5-crop area),CENSUS,rel. improvement,-0.5096197868621123,0.00662160980469804,-0.5372405372405372,27
Rice share (rice / all 30 crops),CENSUS,Δr,-0.11470645697090633,0.5688712168269359,-0.18165165835207178,27
Rice share (rice / all 30 crops),CENSUS,rel. improvement,-0.2178933262298037,0.2749135255213679,-0.23015873015873015,27
Rice share (rice / total land area),CENSUS,Δr,-0.291143612286698,0.14064933259431506,-0.27629369883802507,27
Rice share (rice / total land area),CENSUS,rel. improvement,-0.21900170309560446,0.2724186265205688,-0.17887667887667885,27
Rice share CV (across districts),CENSUS,Δr,0.4046452472347883,0.040319541983535746,0.3190288984906974,26
Rice share CV (across districts),CENSUS,rel. improvement,0.3872929517100529,0.05061275257074171,0.3586324786324786,26
Census crop entropy mean,CENSUS,Δr,0.12461671661988319,0.5357128256028023,0.16852389144595567,27
Census crop entropy mean,CENSUS,rel. improvement,0.22194261413573002,0.26586947891310586,0.2539682539682539,27
Census crop entropy CV,CENSUS,Δr,-0.19387396738988438,0.34262349302970563,-0.13506582519166718,26
Census crop entropy CV,CENSUS,rel. improvement,-0.18414333563141058,0.3678506084102125,-0.19452991452991453,26
MAP crop entropy mean,MAP,Δr,-0.5500513745733299,0.0029544120627927224,-0.5006869238611726,27
MAP crop entropy mean,MAP,rel. improvement,-0.46567225333073814,0.014368362857466666,-0.47191697191697196,27
MAP crop entropy CV,MAP,Δr,0.7352273371230004,1.8809824264545767e-05,0.700974535804855,26
MAP crop entropy CV,MAP,rel. improvement,0.6489835353453257,0.0003349214348952168,0.6861538461538461,26
Mask retention (fraction of px kept),MAP,Δr,-0.49899874298051294,0.008058503171546117,-0.5611357110102653,27
Mask retention (fraction of px kept),MAP,rel. improvement,-0.479961767116236,0.011289397766366782,-0.5372405372405372,27
Baseline r (raw GCVI vs yield),MECHANICAL,Δr,-0.6365836996410906,0.00035716532260460156,-0.5880018386320844,27
Baseline r (raw GCVI vs yield),MECHANICAL,rel. improvement,-0.3939176374541146,0.04204824669273542,-0.3956043956043956,27
