state,r_raw,r_mask,delta,rel,n,ndist,rel_valid
punjab,0.628,0.583,-0.045,-0.121,264,22,True
mp,0.21,0.484,0.274,0.3468,570,52,True
up,0.363,0.219,-0.144,-0.2261,888,74,True
wb,-0.079,0.244,0.323,0.2994,223,22,False
telangana,0.18,0.434,0.254,0.3098,311,32,True
maharashtra,0.437,-0.254,-0.691,-1.2274,289,28,True
karnataka,-0.08,0.303,0.383,0.3546,347,29,False
andhra_pradesh,-0.236,0.018,0.254,0.2055,156,13,False
tamil_nadu,0.112,0.075,-0.037,-0.0417,382,37,True
odisha,0.206,0.408,0.202,0.2544,311,30,True
jharkhand,0.357,0.506,0.149,0.2317,280,24,True
assam,0.233,0.261,0.028,0.0365,352,33,True
manipur,-0.711,0.299,1.01,0.5903,94,9,False
haryana,0.729,0.389,-0.34,-1.2546,250,22,True
tripura,-0.193,-0.251,-0.058,-0.0486,96,8,False
bihar,0.48,0.506,0.026,0.05,314,37,True
chhattisgarh,0.177,0.604,0.427,0.5188,271,26,True
gujarat,0.043,0.176,0.133,0.139,247,25,True
himachal_pradesh,0.016,0.165,0.149,0.1514,131,11,True
kerala,-0.277,0.026,0.303,0.2373,156,13,False
meghalaya,-0.355,-0.076,0.279,0.2059,113,11,False
mizoram,-0.22,0.286,0.506,0.4148,96,8,False
nagaland,-0.294,0.112,0.406,0.3138,132,11,False
rajasthan,-0.234,0.542,0.776,0.6288,243,23,False
uttarakhand,0.108,0.648,0.54,0.6054,156,13,True
puducherry,0.391,0.548,0.157,0.2578,36,3,True
chandigarh,-0.103,-0.185,-0.082,-0.0743,12,1,False
