region_key,label,pooled_r,year_mean_r,within_year_r,yield_trend_p,trend_dominated,r2_none,r2_raw,r2_crop,dm_none,dm_raw,dm_crop,rk_none,rk_raw,rk_crop,pct_empty,n,gcvi_gain,mask_gain
punjab,Punjab,0.571,0.787,0.579,0.001,False,0.157,0.398,0.368,0.441,0.547,0.523,0.742,0.829,0.814,0.0,242,0.211,-0.03
mp,Madhya Pradesh,0.494,0.749,0.484,0.168,False,0.196,0.249,0.346,0.265,0.304,0.395,0.554,0.578,0.664,0.264,518,0.15,0.097
up,Uttar Pradesh,0.213,0.876,0.144,0.003,True,-0.068,0.025,0.099,0.28,0.302,0.338,0.238,0.326,0.417,0.147,814,0.166,0.073
wb,West Bengal,0.24,0.724,0.16,0.007,True,0.199,0.229,0.221,0.294,0.313,0.295,0.52,0.572,0.563,0.0,202,0.022,-0.008
telangana,Telangana,0.429,0.525,0.408,0.042,False,-0.577,-0.641,-0.457,0.095,0.085,0.165,0.397,0.334,0.535,0.03,279,0.12,0.184
maharashtra,Maharashtra,-0.252,0.265,-0.278,0.008,False,0.478,0.491,0.49,0.628,0.64,0.641,0.806,0.817,0.812,0.222,267,0.013,-0.001
karnataka,Karnataka,0.284,0.279,0.285,0.086,False,0.52,0.542,0.586,0.588,0.605,0.652,0.761,0.758,0.793,0.203,318,0.066,0.044
andhra_pradesh,Andhra Pradesh,-0.018,0.347,-0.157,0.155,False,-0.736,-0.593,-0.553,-0.026,0.082,0.058,0.579,0.578,0.574,0.0,143,0.183,0.04
tamil_nadu,Tamil Nadu,0.079,-0.321,0.205,0.106,False,-1.374,-1.368,-1.428,0.042,0.045,0.033,0.329,0.33,0.315,0.054,347,-0.053,-0.06
odisha,Odisha,0.402,0.811,-0.02,0.004,True,-1.253,-1.231,-1.099,-0.107,-0.085,-0.066,0.107,0.12,0.092,0.0,287,0.154,0.132
jharkhand,Jharkhand,0.516,0.788,0.089,0.046,True,-13.847,-13.775,-11.979,-0.143,-0.1,-0.113,0.154,0.148,0.122,0.0,256,1.868,1.796
assam,Assam,0.285,0.661,0.192,0.003,True,-0.248,-0.233,-0.247,0.076,0.094,0.09,0.342,0.368,0.359,0.0,320,0.001,-0.014
manipur,Manipur,0.335,0.473,0.334,0.39,False,0.291,0.35,0.319,0.52,0.583,0.542,0.68,0.668,0.66,0.25,85,0.028,-0.031
haryana,Haryana,0.37,0.459,0.362,0.002,False,0.442,0.567,0.521,0.662,0.683,0.682,0.813,0.801,0.812,0.182,229,0.079,-0.047
tripura,Tripura,-0.17,-0.34,0.007,0.707,False,-3.133,-3.139,-3.103,0.011,-0.031,-0.075,0.236,0.169,0.175,0.0,88,0.03,0.035
bihar,Bihar,0.514,0.886,0.257,0.006,True,-0.528,-0.4,-0.412,-0.048,0.005,-0.01,0.092,0.133,0.098,0.0,295,0.117,-0.011
chhattisgarh,Chhattisgarh,0.58,0.685,0.518,0.196,False,-0.247,-0.273,-0.136,0.277,0.269,0.33,0.536,0.509,0.607,0.0,245,0.111,0.137
gujarat,Gujarat,0.17,0.153,0.172,0.003,False,0.452,0.455,0.459,0.514,0.526,0.538,0.741,0.761,0.766,0.697,226,0.006,0.003
himachal_pradesh,Himachal Pradesh,0.159,0.301,0.162,0.252,False,-0.406,-0.637,-0.696,0.028,-0.082,-0.095,0.583,0.586,0.604,0.25,120,-0.29,-0.059
kerala,Kerala,0.001,-0.607,0.067,0.094,False,0.298,0.302,0.307,0.529,0.549,0.542,0.781,0.78,0.774,0.071,143,0.009,0.005
meghalaya,Meghalaya,-0.068,-0.526,0.021,0.065,False,0.516,0.53,0.508,0.702,0.705,0.696,0.791,0.779,0.775,0.0,104,-0.008,-0.022
mizoram,Mizoram,0.283,0.467,0.27,0.005,False,0.456,0.458,0.453,0.593,0.602,0.592,0.898,0.89,0.877,0.25,88,-0.004,-0.005
nagaland,Nagaland,0.093,-0.362,0.225,0.03,False,-2.136,-1.756,-1.922,0.534,0.54,0.522,0.816,0.836,0.819,0.455,121,0.215,-0.166
rajasthan,Rajasthan,0.526,0.667,0.521,0.01,False,0.572,0.586,0.604,0.693,0.693,0.709,0.737,0.731,0.747,0.515,224,0.032,0.018
uttarakhand,Uttarakhand,0.657,0.844,0.656,0.0,False,0.848,0.86,0.867,0.87,0.875,0.887,0.892,0.883,0.887,0.385,143,0.019,0.007
