region_key,baseline_r,delta,rel,n_districts,rice_share_5crop,rice_share_5crop_cv,map_census_agreement,rice_share_allcrop,census_entropy_mean,census_entropy_cv,map_entropy_mean,map_entropy_cv,retention,rice_over_land,rice_over_crop,crop_over_land
punjab,0.628,-0.045,-0.1209677419354839,22,0.8765403824554234,0.1653938057676213,0.9115565217391304,0.8495202362973246,0.3991579916783506,0.8131231797111135,0.8095645576224733,0.2595858295469829,0.7093810624445168,0.6112113516320248,0.8554855227278299,0.7144613618744777
mp,0.21,0.514,0.6506329113924051,52,0.3290374929715855,1.1699103397845267,0.6087730769230769,0.262912005341029,1.0311668027322975,0.4318274730749437,0.8273406608665879,0.4151092389365249,0.0760171883390375,0.0932660865368864,0.20901680277714815,0.44621334408375707
up,0.363,0.516,0.8100470957613815,74,0.4982938617358116,0.5765594498392366,0.888172,0.5118091045593386,0.9627403920638452,0.3960968305688231,0.4475819385375472,0.7543875584395879,0.1261624560607473,0.2503171213649284,0.5170058814339613,0.48416687382869183
wb,-0.079,0.323,0.2993512511584801,22,0.9172734368242909,0.1686568713960415,0.8756428571428572,0.3902176867904891,0.8812404031254375,0.3258960579740713,0.6906196984627989,0.3554267386055229,0.5644209097410787,0.06430152413045498,0.4388528120045158,0.14652184598464718
telangana,0.18,0.254,0.3097560975609756,32,0.5693261326597424,0.4200779014935746,0.884225,0.4265355129881774,1.0534959995487885,0.2703382968065166,0.9648102990849092,0.270678332855132,0.2513897792898519,0.14806909465558205,0.36243461883134764,0.40854015307098274
maharashtra,0.437,-0.064,-0.1136767317939609,28,0.2661600286372743,1.465313651658411,0.4225441176470588,0.2548292743425149,1.2524135195003492,0.4471184827443872,0.7559408279294275,0.4940825944332372,0.0417400784952404,0.04837352578209237,0.09691138051886188,0.49915216895168907
karnataka,-0.08,0.927,0.8583333333333332,29,0.2338011888398903,1.3133196349927716,0.7232500000000001,0.2232414174151741,1.3040902017932157,0.4318154673957131,0.532858122348492,0.5353403365819213,0.0156959214735957,0.049612715925449954,0.1294062262451789,0.3833873946022617
andhra_pradesh,-0.236,0.254,0.2055016181229773,13,0.6423810494951361,0.5312065175638893,0.8298076923076922,0.574939730297272,0.9764541273185412,0.4932794933025186,0.6102979492845055,0.3889643161654449,0.1247278294811891,0.09339920898880322,0.43745155563331106,0.21350754794684987
tamil_nadu,0.112,0.486,0.5472972972972973,37,0.3855067146796487,0.9566100079434604,0.5797921052631579,0.4093919812159753,1.2325721355600046,0.5241326299389484,0.6049231656240892,0.4881082522718237,0.1216282219036699,0.06519536781266515,0.4145654760126568,0.15726193227598798
odisha,0.206,0.2019999999999999,0.2544080604534005,30,0.9197854832489286,0.1063984910767159,0.9299566666666668,0.6911157552216786,0.479523834726872,0.7293736044308915,0.7422850667560955,0.1647011199405978,0.411020689471356,0.06430184523369867,0.8306647760452942,0.07741010223141138
jharkhand,0.357,0.149,0.2317262830482115,24,0.6685488568266357,0.1960667452348412,0.8386375,0.541681905415602,0.9606393688010186,0.2032015891542989,0.748551746719419,0.1529700709658025,0.3455513032493844,0.12663784635513523,0.6555698275600176,0.19317217027280212
assam,0.233,0.0279999999999999,0.0365058670143415,33,0.9205710339557922,0.1053780651731373,0.9304636363636364,0.5648313799485071,1.0651596309304978,0.2911540068313421,0.6368248185668252,0.2806916018176967,0.3061631936953219,0.05599307483517761,0.7184550384855553,0.07793539168881947
manipur,-0.711,1.3279999999999998,0.7761542957334892,9,0.23482385935028,1.2669988040392746,0.2442,0.8106376607142132,0.4996394558203355,0.345029721743553,0.2119948439815493,1.337830201875062,0.0281862393358343,0.08712659788075144,0.8849189143399891,0.09845715406109748
haryana,0.729,0.119,0.4391143911439114,22,0.5628707907138258,0.6202810767543089,0.8766454545454546,0.518602999715302,0.8122130967787434,0.4226610966010786,0.5173317917091754,0.7140324175389905,0.2677282254308337,0.331532529946509,0.5198475725457634,0.6377495009218753
tripura,-0.193,-0.0579999999999999,-0.0486169321039396,8,0.918309611469695,0.0275859293274213,0.9651,0.6544129850667874,1.1549139228856906,0.1747082439266434,0.2244552231558146,0.2663754413510785,0.0362243186865755,0.11084432164275863,0.7846925650183326,0.1412582794640969
bihar,0.48,0.026,0.05,37,0.8811789397314053,0.2227886636803012,0.8753736842105264,0.3530417968213692,0.8817788804915203,0.3498305914486527,0.941959878294362,0.1969305159367599,0.5909760006968755,0.09825006928600463,0.6022579201528138,0.16313620128245912
chhattisgarh,0.177,0.427,0.5188335358444714,26,0.9330314033913528,0.0769570523559459,0.932739393939394,0.8747404874830483,0.5171689068441401,0.6995616162404565,0.7700416502501036,0.2314913108769385,0.4331334535402047,0.29358864016340896,0.8778928526173064,0.3344242287519693
gujarat,0.043,0.623,0.6509926854754441,25,0.2265122382220279,1.337658516787701,0.5000757575757576,0.1815374928246604,1.2164843276752524,0.3486057614094179,0.166391999198895,0.771408899385553,0.0003315077794087,0.043959153973284135,0.11026062486408131,0.3986840635763923
himachal_pradesh,0.016,0.572,0.5813008130081301,11,0.1282852981417883,1.0743228724939258,0.8006333333333333,0.1129652260320609,0.6111916257058704,0.4924324123652671,0.1367443741044792,0.9283868318466596,0.0032272387840762,0.012885393405305295,0.19376506318365092,0.06650008620538829
kerala,-0.277,0.849,0.6648394675019577,13,0.7828545817924174,0.4579929579470601,0.7686214285714286,0.801257401450728,0.2205891100072912,0.8916516855154601,0.1392027105415952,1.169775298635616,0.026235263293444,0.01393710272884887,0.9549366866706508,0.014594792433245003
meghalaya,-0.355,0.2789999999999999,0.2059040590405904,11,0.7869439937391063,0.1116899309883736,0.91962,0.3177918500727988,0.8488864615101483,0.5359487129263607,0.1237838652583398,1.248777592336927,0.0174012350502943,0.015884924992804233,0.4751698098060035,0.033429996319188575
mizoram,-0.22,0.968,0.7934426229508197,8,0.7813880439340413,0.1419088005390699,0.9581272727272728,0.7502360442443865,0.8348050062611487,0.2134960307733515,0.0100557758531895,0.5565509595222409,0.000181346841199,0.015761718545063294,0.750361922975062,0.021005488235024856
nagaland,-0.294,1.244,0.9613601236476044,11,0.7631473359170555,0.1036313933161405,0.92676875,0.6546243540401402,1.1262643310714469,0.1443444374718453,0.0496954902132351,2.225298670663169,0.0069814994366128,0.11779027561188893,0.6438361269875453,0.18295070853358236
rajasthan,-0.234,1.079,0.8743922204213939,23,0.0334533250498782,2.2443604953040186,0.3641787878787879,0.0208551453196485,1.151704202988413,0.351477425928369,0.180418183415901,1.449020286546433,0.0009344557351974,0.006296657054193523,0.013598918155226182,0.4630263218235241
uttarakhand,0.108,0.758,0.8497757847533632,13,0.4924771546130039,0.3941448281226155,0.7600384615384616,0.4170426091810272,1.297945820583364,0.3244259587393021,0.0800619392817977,1.469626102685217,0.0018537150810307,0.046054282400468466,0.4448024915922798,0.10353872397523191
goa,0.244,,,2,0.9827242547585062,0.0221682078173137,0.9466,0.9568445815981286,0.1635382075118637,0.4905244990965537,0.0589803546398991,0.2156616191449524,0.0,0.06432194980298017,0.9636990338319262,0.06674485243304522
puducherry,0.391,0.157,0.2577996715927751,3,0.5608563992707296,0.3502668298036513,0.69655,0.7831454109457799,0.4307499019751331,0.8233229088957598,0.500457145839895,0.5976428044238706,0.1050627308152167,0.07913461252329514,0.6757623494992685,0.11710420472808658
chandigarh,-0.103,-0.082,-0.0743427017225748,1,0.8936170212765957,,0.934,0.8159200728349664,0.3342487107337755,,0.1245842123230982,,0.003296708283978,0.00423671465802327,0.8236953455571226,0.005143545706401539
andaman_nicobar,0.379,,,3,0.6394339992406136,0.6411509525425818,0.0,0.600171670516812,0.2909360466410529,0.7121637995250927,,,0.0,0.007191074370534629,1.1657244279800205,0.006168760127121465
dadra_nagar_haveli,0.576,,,2,,,,0.6204867979489438,0.1813378889059288,1.7320508075688776,0.0342762410957807,,0.0,0.2680644484099458,0.8503674866917093,0.31523365204475345
