district,gcvi_raw,yield_kg_ha,gcvi_jordi,rice_share,rice_ha,lon,lat,band
Agra,3.263053910595243,2616.0,4.345816582989839,0.041000566070760774,5523.52,77.89381382224872,27.074879039300967,West
Aligarh,3.638788118051258,2558.0,4.232258734506916,0.4051432127647536,83783.9,78.13631036882391,27.876357842920847,West
Ambedkarnagar,4.289089696860028,2927.0,4.626860383691979,0.7856703644198658,107392.74,82.60682779529508,26.404667193946757,East
Amethi,4.029161840145623,2804.0,4.468584418100721,0.8271023142404814,112988.52,81.62644035296033,26.346986518432146,Central
Amroha,4.108399124560282,2586.0,3.718680864851051,0.197975405119802,24990.18,78.34234824654015,28.7955613910738,West
Auraiya,3.815162654755764,3118.0,5.2241380886224045,0.43156686703342445,45490.76,79.51335114479897,26.651132879496423,Central
Ayodhya,3.850927303298736,3051.0,4.173116517857143,0.6165637984694793,94884.68,82.05804767653201,26.638431124869214,East
Azamgarh,3.683279689022177,2323.0,3.8532357062353406,0.8690938263157274,196690.89,83.02872347012432,26.0238867185786,East
Baghpat,4.039528510395687,2793.0,3.7535262549275177,0.06143152163160846,5042.69,77.30582314671867,29.03755235299328,West
Bahraich,4.042682117420673,2864.0,4.2196069021102,0.4857134227505301,160169.14,81.4836709158792,27.731744764611005,Central
Ballia,3.6476508568385286,2421.0,4.116429409645125,0.6943484843265975,107847.63,84.1208046310943,25.874868029661826,East
Balrampur,4.391553727654228,2972.0,4.293918300844222,0.5404211829365823,127040.05,82.395247054478,27.448208315477665,East
Banda,3.138983056620225,2402.0,4.34942839159902,0.33064051237167713,49137.29,80.5611324532866,25.444546937628523,Central
Barabanki,4.020203526140734,3009.0,4.338728852116473,0.839890365730232,175604.79,81.38541665214868,26.942312178801323,Central
Bareilly,3.9950816221078216,2888.0,4.725917155232762,0.503074729055348,152289.64,79.40484416611704,28.45829503594112,Central
Basti,4.338396782861084,2540.0,4.671135505370362,0.6758659714451479,136425.04,82.54495272978087,26.839578937122326,East
Bhadohi,4.022793835281679,3250.0,4.328582369625172,0.5553482462213178,25725.78,82.49917552015268,25.357177583674215,East
Bijnor,4.30042670299265,2663.0,4.450211988060299,0.1804840605392671,52579.99,78.4821269214236,29.407216296275912,West
Budaun,3.3850036002973147,2196.0,4.0576030138788095,0.3270606573117987,94732.74,79.04357468607702,28.064036936291608,West
Bulandshahr,3.699663759168293,2753.0,3.990533096982964,0.37238309485912274,86032.4,77.97620996485747,28.390039600946423,West
Chandauli,4.561508591215572,3570.0,4.983387825476403,0.8829248870827778,106355.11,83.24953983017099,25.125654339019576,East
Chitrakoot,3.90764110139372,2331.0,4.285584656457937,0.1116188862763425,9553.6,81.10421645775159,25.219299940476454,Central
Deoria,3.9255150299927193,2326.0,4.114971638030026,0.8333693926233996,126070.98,83.7633220190801,26.426817790647746,East
Etah,3.2472082827271533,2649.0,4.1576946390086205,0.16746078114966848,18518.9,78.59994391561368,27.55505283340096,West
Etawah,3.844530927413805,3220.0,4.911825259135629,0.47817062448070674,49804.33,79.09173305321715,26.717174387115108,West
Farrukhabad,2.510356947233887,3338.0,2.5957438669386943,0.14980128286822714,12823.98,79.48988655213167,27.436199963376307,Central
Fatehpur,3.6638500362669246,2712.0,4.814280399659864,0.5313702155666467,79960.42,80.91570787562196,25.83481193393503,Central
Firozabad,3.1659386948317345,2889.0,4.496797062800481,0.19743002857243633,23342.02,78.4604503317519,27.194197890362886,West
Gautambudhnagar,2.970664713215221,2855.0,3.865316366548829,0.6585374392318566,13919.98,77.59618377183995,28.369398426978627,West
Gazipur,3.803337451892047,2672.0,4.147138701565432,0.8088121118542041,148210.46,83.50756818378244,25.6054714819132,East
Ghaziabad,2.957379811837227,2717.0,3.22194715366242,0.24894288397473674,7642.32,77.45861102245448,28.76647911252534,West
Gonda,4.147107346429716,2654.0,4.402958702882484,0.44692639803340206,129664.7,81.92361172021904,27.109820535926865,East
Gorakhpur,3.5455299233490565,2869.0,3.8301594555559793,0.9112739788665678,148371.67,83.36465359580723,26.66837177769103,East
Hapur,3.5903338502495257,2512.0,3.595075400134597,0.3293601474865692,19122.94,77.89016247401983,28.718534857781975,West
Hardoi,3.6589692708264057,2763.0,4.445303983157092,0.42913627966066764,141600.21,80.09962624298245,27.33699835596307,Central
Hathras,3.3501017901702164,2598.0,4.467891770966199,0.27864219695870956,22459.11,78.11240178366558,27.572699760366305,West
Jalaun,2.6583336640736626,2191.0,3.3457093517534537,0.0032031719086235535,328.89,79.39220778158987,26.105133812217435,Central
Jaunpur,3.79416473225006,2827.0,4.140488010337608,0.604504608896782,140594.08,82.48917790585969,25.79737558905744,East
Jhansi,3.905896190330477,2234.0,4.671992756787782,0.038829414433888286,8765.18,78.65284958181294,25.530371274502528,West
Kannauj,2.793048774078887,3109.0,4.566601473559881,0.22626840181784172,19438.87,79.69288678132045,27.000104345084715,Central
Kanpur,3.0294438967811907,3129.0,4.875918449239528,0.2658284645499625,30107.91,80.26309030944212,26.445124660822408,Central
Kanpur Dehat,3.655758268086837,3295.0,5.309929850783762,0.3275529108514206,39121.39,79.85627309556483,26.459547592290846,Central
Kasganj,3.0793553698074976,2673.0,3.1633797193388475,0.13833981174019322,15972.07,78.82151083883471,27.788654000682662,West
Kaushambi,4.405067132661818,3004.0,5.419154070425725,0.5387561458471595,46029.03,81.44922785298812,25.5330824188534,Central
Kheri,4.379572003187005,3018.0,4.431129683343187,0.31730765290846075,170365.69,80.71335413845256,28.183340182923388,Central
Kushinagar,4.122776976792663,2567.0,4.408740870117498,0.5753813412608184,119132.77,83.8337993614203,26.924145818027505,East
Lalitpur,4.472808736398567,2161.0,3.7013401455349393,0.004513355414107424,1297.04,78.51791177432216,24.70273757226365,West
Lucknow,3.269061937417093,2563.0,3.941310073390152,0.7695280488330482,50528.82,80.91699995073,26.831499051797344,Central
Maharajganj,4.73869724903997,2771.0,4.790033941329673,0.9092818982040085,166575.57,83.49177551315364,27.18359414442763,East
Mahoba,3.1868654557107825,2390.0,4.441236139112903,0.0017672962353677793,225.13,79.70613221271637,25.361988922986228,Central
Mainpuri,3.366580255474984,2949.0,4.509714711374574,0.4560777819497465,60368.69,79.06303663629029,27.20899321960217,West
Mathura,3.186065654222286,2047.0,4.087908363196192,0.49160505518089626,48259.01,77.58915645142362,27.599668411988837,West
Mau,3.730412500580639,2024.0,3.921665753826216,0.8635520786797175,82016.23,83.49830096822349,26.03972322029847,East
Meerut,3.938536450927298,2535.0,3.1150026793244003,0.08821813694063746,14021.89,77.76650413837372,29.000102626810836,West
Mirzapur,3.569150239787183,3002.0,4.619983505669767,0.622588634435434,79921.51,82.62723985758544,24.931819448323264,East
Moradabad,3.973549700797872,2937.0,4.562629954763064,0.5162850082278775,90922.23,78.81019583025484,28.87822200313447,West
Muzaffarnagar,4.305814337186073,2582.0,3.5164799442997685,0.07142428362331067,12183.8,77.74187075151488,29.44873274400957,West
Pilibhit,4.895861812058744,2431.0,5.638274588128156,0.560004553155891,129585.02,80.10935411624693,28.49699336715581,Central
Pratapgarh,3.833699630962216,2272.0,4.471357617140448,0.69229727810545,92862.23,81.83260238202094,25.876874654868608,East
Prayagraj,4.127306525599289,3139.0,4.943788416968964,0.6910340065681244,146238.04,81.90353082766038,25.280487710675224,East
Raibeareli,4.154757977907334,2885.0,4.76731308646824,0.6377494896032019,84301.79,81.21915589658326,26.20869415982464,Central
Rampur,4.192979027556309,2940.0,4.805256476379043,0.7670968425606164,132109.61,79.18457983177524,28.79347229848273,Central
Saharanpur,4.131205961068016,2463.0,4.582469389053648,0.3052460571572131,54043.79,77.50742230817454,29.986507048747363,West
Sambhal,4.015039854778517,2758.0,4.471475454923882,0.2151034420989112,40419.35,78.55689313954733,28.42578598342677,West
Santkabirnagar,4.259732820943479,2834.0,4.536841111828783,0.9168169173528082,85798.01,83.0419981298522,26.755638604695868,East
Shahjahanpur,4.261769998073359,3130.0,5.107970635596358,0.590058118558111,199013.51,79.74925205081203,27.91292247620339,Central
Shamli,4.055518504076843,2790.0,4.267353102168415,0.20019730335627528,19469.44,77.28959817877083,29.480737947116705,West
Shrawasti,4.345885039220127,2513.0,4.4114795643862665,0.807879679471905,79539.81,81.89291273018179,27.678496389597896,East
Siddharthnagar,5.055768697064386,2804.0,5.207763540112385,0.9747648324378253,161330.91,82.85925992234846,27.2651644415221,East
Sitapur,4.090517928148857,2906.0,4.109066181558871,0.36187983497414283,154608.56,80.83333060263777,27.504644939649268,Central
Sonbhadra,3.851228439333768,2452.0,4.596823116602687,0.37477965874417907,31303.04,83.06316302178759,24.415462246764132,East
Sultanpur,3.9356608116941674,3246.0,4.473435067313857,0.6823924335935861,84073.88,82.23912140672269,26.260479963898987,East
Unnao,3.23913577431183,2126.0,4.245853981213125,0.4696947616962376,91729.17,80.62139420306545,26.56814456682811,Central
Varanasi,3.5392632856615123,3026.0,3.914853499764938,0.624425390779226,47225.08,82.94274105177956,25.371078799702243,East
