region_key,label,raw_ZERO,msk_ZERO,n,delta_ZERO,rel_ZERO,raw_KEEP,msk_KEEP,delta_KEEP,rel_KEEP,n_zeroed
punjab,Punjab,0.6280244393282204,0.5832640190106962,264,-0.04476042031752414,-0.12033161597145742,0.6280244393282204,0.5832640190106962,-0.04476042031752414,-0.12033161597145742,0
mp,Madhya Pradesh,0.2101860362920604,0.7239920839605921,570,0.5138060476685318,0.6505405972519992,0.2101860362920604,0.48432098384475747,0.2741349475526971,0.34708799812264113,168
up,Uttar Pradesh,0.36332282797968146,0.8786851861374678,888,0.5153623581577864,0.8094563160202946,0.36332282797968146,0.21895006697109967,-0.1443727610085818,-0.22675975730440412,132
wb,West Bengal,-0.07876394813392754,0.24415520430840815,223,0.3229191524423357,0.29934180967108626,-0.07876394813392754,0.24415520430840815,0.3229191524423357,0.29934180967108626,0
telangana,Telangana,0.18046552769740343,0.4338138950483133,311,0.2533483673509099,0.3091369257953143,0.18046552769740343,0.4338138950483133,0.2533483673509099,0.3091369257953143,12
maharashtra,Maharashtra,0.43691001594065254,0.3728848972936914,289,-0.06402511864696114,-0.11370317437614579,0.43691001594065254,-0.25415727336033644,-0.691067289300989,-1.2272768276200652,96
karnataka,Karnataka,-0.07953745160290214,0.847345238695775,347,0.9268826902986772,0.8585924359756464,-0.07953745160290214,0.30272316003196764,0.3822606116348698,0.3540966652590769,73
andhra_pradesh,Andhra Pradesh,-0.2362916392191059,0.018214923022848415,156,0.25450656224195434,0.20586288394113175,-0.2362916392191059,0.018214923022848415,0.25450656224195434,0.20586288394113175,0
tamil_nadu,Tamil Nadu,0.1117390790802779,0.5977371439205948,382,0.48599806484031693,0.5471343536503952,0.1117390790802779,0.07493404946788118,-0.03680502961239672,-0.04143493059931996,24
odisha,Odisha,0.20611810207613873,0.40848572146587203,311,0.2023676193897333,0.2549089731343663,0.20611810207613873,0.40848572146587203,0.2023676193897333,0.2549089731343663,0
jharkhand,Jharkhand,0.3572363801657597,0.5064648692874825,280,0.14922848912172276,0.23216698101271924,0.3572363801657597,0.5064648692874825,0.14922848912172276,0.23216698101271924,0
assam,Assam,0.23276829094093057,0.26137106952954525,352,0.02860277858861468,0.03728049590611034,0.23276829094093057,0.26137106952954525,0.02860277858861468,0.03728049590611034,0
manipur,Manipur,-0.7107749980397231,0.6170010302293526,94,1.3277760282690756,0.7761254576379105,-0.7107749980397231,0.2988136022801987,1.0095886003199217,0.5901352319719134,48
haryana,Haryana,0.7287515777752731,0.848281217387309,250,0.11952963961203589,0.4406648290584586,0.7287515777752731,0.38852577312475567,-0.34022580465051744,-1.254295976581362,48
tripura,Tripura,-0.1934448080491831,-0.2506392188989948,96,-0.05719441084981172,-0.04792380046740685,-0.1934448080491831,-0.2506392188989948,-0.05719441084981172,-0.04792380046740685,0
bihar,Bihar,0.48022122348976953,0.5063026216476857,314,0.026081398157916158,0.05017788208480809,0.48022122348976953,0.5063026216476857,0.026081398157916158,0.05017788208480809,0
chhattisgarh,Chhattisgarh,0.17694147973520113,0.6040269001491143,271,0.4270854204139132,0.5189004304050081,0.17694147973520113,0.6040269001491143,0.4270854204139132,0.5189004304050081,0
gujarat,Gujarat,0.04291353696977039,0.6660269116188335,247,0.6231133746490631,0.6510523330109853,0.04291353696977039,0.1760146206666645,0.1331010836968941,0.1390690275521012,276
himachal_pradesh,Himachal Pradesh,0.015778303456663815,0.5877178743673087,131,0.5719395709106448,0.5811084767988163,0.015778303456663815,0.16511946430173358,0.14934116084506976,0.1517352862363913,36
kerala,Kerala,-0.27716493272117165,0.5722364852573414,156,0.849401417978513,0.6650679142659743,-0.27716493272117165,0.02589545777687082,0.30306039049804245,0.23729150615835617,12
meghalaya,Meghalaya,-0.35497162051524617,-0.07573905551877827,113,0.27923256499646787,0.20608000991953315,-0.35497162051524617,-0.07573905551877827,0.27923256499646787,0.20608000991953315,0
mizoram,Mizoram,-0.2199581112623411,0.7484950672340958,96,0.9684531784964369,0.7938413373016048,-0.2199581112623411,0.28649045573107723,0.5064485669934183,0.41513602993251547,24
nagaland,Nagaland,-0.29401271885036284,0.9497567843337583,132,1.2437695031841212,0.9611725488209427,-0.29401271885036284,0.11217522530241193,0.40618794415277476,0.31389795342478827,60
rajasthan,Rajasthan,-0.23356457388042323,0.8450302177146635,243,1.0785947915950866,0.8743723793900401,-0.23356457388042323,0.5419422399585502,0.7755068138389734,0.628671437442032,204
uttarakhand,Uttarakhand,0.1079965228539384,0.8658121776434141,156,0.7578156547894757,0.8495658079877492,0.1079965228539384,0.6481128861228527,0.5401163632689143,0.6055092576511029,60
goa,Goa,0.24366093400941402,,24,,,0.24366093400941402,,,,24
puducherry,Puducherry,0.39138058252172714,0.5479080321990863,36,0.1565274496773592,0.2571844492341507,0.39138058252172714,0.5479080321990863,0.1565274496773592,0.2571844492341507,12
chandigarh,Chandigarh,-0.1028657596534906,-0.18454633689550579,12,-0.08168057724201519,-0.07406212091277402,-0.1028657596534906,-0.18454633689550579,-0.08168057724201519,-0.07406212091277402,0
andaman_nicobar,Andaman & Nicobar Islands,0.37858826621109615,,30,,,0.37858826621109615,,,,36
dadra_nagar_haveli,Dadra & Nagar Haveli,0.5761981636758738,,20,,,0.5761981636758738,,,,36
